registry_name,function_name,module,subsystem,category,signature,parameter_count,required_parameters,optional_parameters,parameter_types,possible_internal,internal_reason,description,keywords
add,add,math_engine.arithmetic,arithmetic,basic_arithmetic,"(a, b)",2,"a, b",,"bound_or_value, bound_or_value",False,,Add two numbers.,"add, addition, sum, plus, total"
subtract,subtract,math_engine.arithmetic,arithmetic,basic_arithmetic,"(a, b)",2,"a, b",,"bound_or_value, bound_or_value",False,,Subtract one number from another.,"subtract, subtraction, minus, difference"
multiply,multiply,math_engine.arithmetic,arithmetic,basic_arithmetic,"(a, b)",2,"a, b",,"bound_or_value, bound_or_value",False,,Multiply two numbers.,"multiply, multiplication, times, product"
divide,divide,math_engine.arithmetic,arithmetic,basic_arithmetic,"(a, b)",2,"a, b",,"bound_or_value, bound_or_value",False,,Divide one number by another.,"divide, division, quotient, over"
power,power,math_engine.arithmetic,arithmetic,powers_roots,"(base, exponent)",2,"base, exponent",,"numeric_value, unknown",False,,Raise a number to a power.,"power, exponent, raised, squared, cubed"
square_root,square_root,math_engine.arithmetic,arithmetic,powers_roots,(value),1,value,,numeric_value,False,,Calculate the square root of a number.,"square root, sqrt, root"
nth_root,nth_root,math_engine.arithmetic,arithmetic,powers_roots,"(value, n)",2,"value, n",,"numeric_value, integer_or_value",False,,Calculate the nth root of a number.,"nth root, root, cube root"
absolute_value,absolute_value,math_engine.arithmetic,arithmetic,basic_arithmetic,(value),1,value,,numeric_value,False,,Calculate the absolute value of a number.,"absolute value, magnitude"
factorial,factorial,math_engine.arithmetic,arithmetic,integer_operations,(value),1,value,,numeric_value,False,,Calculate the factorial of a nonnegative integer.,factorial
greatest_common_divisor,greatest_common_divisor,math_engine.arithmetic,arithmetic,integer_operations,"(a, b)",2,"a, b",,"bound_or_value, bound_or_value",False,,Find the greatest common divisor of two integers.,"gcd, greatest common divisor, greatest common factor"
least_common_multiple,least_common_multiple,math_engine.arithmetic,arithmetic,integer_operations,"(a, b)",2,"a, b",,"bound_or_value, bound_or_value",False,,Find the least common multiple of two integers.,"lcm, least common multiple"
percentage,percentage,math_engine.arithmetic,arithmetic,percentages,"(part, whole)",2,"part, whole",,"unknown, unknown",False,,Calculate a percentage of a value.,"percentage, percent, of"
percent_change,percent_change,math_engine.arithmetic,arithmetic,percentages,"(original, new)",2,"original, new",,"unknown, unknown",False,,Calculate the percent change between two values.,"percent change, percentage change, increase, decrease"
ratio,ratio,math_engine.arithmetic,arithmetic,ratios_proportions,"(a, b)",2,"a, b",,"bound_or_value, bound_or_value",False,,Simplify a ratio between two values.,"ratio, simplify ratio"
solve_proportion,solve_proportion,math_engine.arithmetic,arithmetic,ratios_proportions,"(a, b, c)",3,"a, b, c",,"bound_or_value, bound_or_value, unknown",False,,Solve a proportional relationship for an unknown.,"proportion, cross multiply, ratio equation"
prime_factorization,prime_factorization,math_engine.arithmetic,arithmetic,integer_operations,(value),1,value,,numeric_value,False,,Find the prime factorization of an integer.,"prime factorization, prime factors, factor"
floor_value,floor_value,math_engine.arithmetic,arithmetic,rounding,(value),1,value,,numeric_value,False,,Calculate the floor of a number.,"floor, round down"
ceiling_value,ceiling_value,math_engine.arithmetic,arithmetic,rounding,(value),1,value,,numeric_value,False,,Calculate the ceiling of a number.,"ceiling, ceil, round up"
round_value,round_value,math_engine.arithmetic,arithmetic,rounding,"(value, digits=0)",2,value,digits,"numeric_value, unknown",False,,Round a value to a specified number of decimal places.,"round, rounded, decimal places"
decimal_value,decimal_value,math_engine.arithmetic,arithmetic,numeric_conversion,"(value, digits=15)",2,value,digits,"numeric_value, unknown",False,,Convert an exact mathematical value to decimal form.,"decimal, approximate, numerical value"
scientific_notation,scientific_notation,math_engine.arithmetic,arithmetic,numeric_conversion,"(value, significant_digits=6)",2,value,significant_digits,"numeric_value, unknown",False,,Express a number in scientific notation.,"scientific notation, power of ten, exponential notation"
parse_expression,parse_expression,math_engine.algebra,algebra,algebra_utilities,(expression),1,expression,,expression,True,Operation name begins with helper prefix 'parse_'.,Convert mathematical input into a symbolic expression.,"parse, expression, symbolic expression"
parse_variable,parse_variable,math_engine.algebra,algebra,algebra_utilities,(variable),1,variable,,variable,True,Operation name begins with helper prefix 'parse_'.,Convert a variable name into a symbolic variable.,"variable, symbol, parse variable"
simplify_expression,simplify_expression,math_engine.algebra,algebra,expression_manipulation,(expression),1,expression,,expression,False,,Simplify an algebraic expression.,"simplify, simplification, reduce expression"
expand_expression,expand_expression,math_engine.algebra,algebra,expression_manipulation,(expression),1,expression,,expression,False,,Expand products and powers in an algebraic expression.,"expand, distribute, foil"
factor_expression,factor_expression,math_engine.algebra,algebra,expression_manipulation,(expression),1,expression,,expression,False,,Factor an algebraic expression.,"factor, factoring, factor expression"
substitute,substitute,math_engine.algebra,algebra,expression_manipulation,"(expression, variable, value)",3,"expression, variable, value",,"expression, variable, numeric_value",False,,Substitute a value or expression for a variable.,"substitute, plug in, evaluate"
solve_equation,solve_equation,math_engine.algebra,algebra,equations,"(left_side, right_side=0, variable='x')",3,left_side,"right_side, variable","expression, expression, variable",False,,Solve an algebraic equation for a variable.,"solve, equation, find x, unknown"
find_roots,find_roots,math_engine.algebra,algebra,equations,"(expression, variable='x')",2,expression,variable,"expression, variable",False,,Find the roots or zeros of an expression.,"roots, zeros, solutions, x intercepts"
solve_system,solve_system,math_engine.algebra,algebra,systems,"(equations, variables)",2,"equations, variables",,"unknown, variable",False,,Solve a system of algebraic equations.,"system, simultaneous equations, solve system"
solve_real,solve_real,math_engine.algebra,algebra,equations,"(expression, variable='x')",2,expression,variable,"expression, variable",False,,Solve an equation over the real numbers.,"real solutions, solve real, real roots"
solve_inequality,solve_inequality,math_engine.algebra,algebra,inequalities,"(inequality, variable='x')",2,inequality,variable,"unknown, variable",False,,Solve an algebraic inequality.,"inequality, greater than, less than, solve inequality"
polynomial_degree,polynomial_degree,math_engine.algebra,algebra,polynomials,"(expression, variable='x')",2,expression,variable,"expression, variable",False,,Determine the degree of a polynomial.,"degree, polynomial degree"
polynomial_coefficients,polynomial_coefficients,math_engine.algebra,algebra,polynomials,"(expression, variable='x')",2,expression,variable,"expression, variable",False,,Return the coefficients of a polynomial.,"coefficients, polynomial coefficients"
quadratic_formula,quadratic_formula,math_engine.algebra,algebra,polynomials,"(a, b, c)",3,"a, b, c",,"bound_or_value, bound_or_value, unknown",False,,Solve a quadratic equation using the quadratic formula.,"quadratic formula, quadratic, roots"
complete_square,complete_square,math_engine.algebra,algebra,polynomials,"(expression, variable='x')",2,expression,variable,"expression, variable",False,,Rewrite a quadratic expression by completing the square.,"complete square, completing the square, vertex form"
rational_simplify,rational_simplify,math_engine.algebra,algebra,rational_expressions,(expression),1,expression,,expression,False,,Simplify a rational algebraic expression.,"rational expression, simplify fraction, cancel"
combine_rational,combine_rational,math_engine.algebra,algebra,rational_expressions,(expression),1,expression,,expression,False,,Combine rational terms into a single fraction.,"combine fractions, common denominator, rational"
partial_fraction,partial_fraction,math_engine.algebra,algebra,rational_expressions,"(expression, variable='x')",2,expression,variable,"expression, variable",False,,Decompose a rational expression into partial fractions.,"partial fractions, decompose fraction"
solve_exponential,solve_exponential,math_engine.algebra,algebra,exponential_logarithmic,"(left_side, right_side, variable='x')",3,"left_side, right_side",variable,"expression, expression, variable",False,,Solve an exponential equation.,"exponential equation, solve exponential"
solve_logarithmic,solve_logarithmic,math_engine.algebra,algebra,exponential_logarithmic,"(left_side, right_side, variable='x')",3,"left_side, right_side",variable,"expression, expression, variable",False,,Solve a logarithmic equation.,"log equation, logarithmic equation, solve logarithm"
logarithm,logarithm,math_engine.algebra,algebra,exponential_logarithmic,"(value, base=None)",2,value,base,"numeric_value, numeric_value",False,,Evaluate a logarithm with an optional base.,"log, logarithm, natural log"
find_domain,find_domain,math_engine.algebra,algebra,functions,"(expression, variable='x')",2,expression,variable,"expression, variable",False,,Determine the domain of an expression.,"domain, allowed values, function domain"
find_x_intercepts,find_x_intercepts,math_engine.algebra,algebra,functions,"(expression, variable='x')",2,expression,variable,"expression, variable",False,,Find the x-intercepts of a function.,"x intercept, x intercepts, zeros, roots"
find_y_intercept,find_y_intercept,math_engine.algebra,algebra,functions,"(expression, variable='x')",2,expression,variable,"expression, variable",False,,Find the y-intercept of a function.,"y intercept, y intercepts"
inverse_function,inverse_function,math_engine.algebra,algebra,functions,"(expression, variable='x', output_variable='y')",3,expression,"variable, output_variable","expression, variable, unknown",False,,Find the inverse of a function.,"inverse, inverse function"
polynomial_division,polynomial_division,math_engine.algebra,algebra,polynomials,"(dividend, divisor, variable='x')",3,"dividend, divisor",variable,"unknown, unknown, variable",False,,Divide one polynomial by another.,"polynomial division, long division, divide polynomial"
polynomial_remainder,polynomial_remainder,math_engine.algebra,algebra,polynomials,"(dividend, divisor, variable='x')",3,"dividend, divisor",variable,"unknown, unknown, variable",False,,Find the remainder from polynomial division.,"remainder, polynomial remainder"
polynomial_gcd,polynomial_gcd,math_engine.algebra,algebra,polynomials,"(expression_1, expression_2, variable='x')",3,"expression_1, expression_2",variable,"unknown, unknown, variable",False,,Find the greatest common divisor of two polynomials.,"polynomial gcd, greatest common divisor, common polynomial factor"
solve_absolute_value,solve_absolute_value,math_engine.algebra,algebra,equations,"(left_side, right_side=0, variable='x')",3,left_side,"right_side, variable","expression, expression, variable",False,,Solve an equation containing absolute values.,"absolute value equation, solve absolute value"
evaluate_piecewise,evaluate_piecewise,math_engine.algebra,algebra,piecewise,"(expression, variable, value)",3,"expression, variable, value",,"expression, variable, numeric_value",False,,Evaluate a piecewise-defined function at a value.,"piecewise, evaluate piecewise"
solve_piecewise,solve_piecewise,math_engine.algebra,algebra,piecewise,"(expression, right_side=0, variable='x')",3,expression,"right_side, variable","expression, expression, variable",False,,Solve an equation involving a piecewise expression.,"solve piecewise, piecewise equation"
get_numerator,get_numerator,math_engine.algebra,algebra,rational_expressions,(expression),1,expression,,expression,False,,Extract the numerator of a rational expression.,"numerator, top of fraction"
get_denominator,get_denominator,math_engine.algebra,algebra,rational_expressions,(expression),1,expression,,expression,False,,Extract the denominator of a rational expression.,"denominator, bottom of fraction"
leading_coefficient,leading_coefficient,math_engine.algebra,algebra,polynomials,"(expression, variable='x')",2,expression,variable,"expression, variable",False,,Find the leading coefficient of a polynomial.,"leading coefficient, highest degree coefficient"
polynomial_terms,polynomial_terms,math_engine.algebra,algebra,polynomials,"(expression, variable='x')",2,expression,variable,"expression, variable",False,,Return the terms of a polynomial.,"polynomial terms, terms"
detect_variables,detect_variables,math_engine.algebra,algebra,algebra_utilities,(expression),1,expression,,expression,True,Operation name begins with helper prefix 'detect_'.,Detect symbolic variables contained in an expression.,"detect variables, variables, symbols"
solve_system_advanced,solve_system_advanced,math_engine.algebra,algebra,systems,"(equations, variables)",2,"equations, variables",,"unknown, variable",False,,Solve and analyze a more general system of equations.,"advanced system, solve system, simultaneous equations"
classify_system_solution,classify_system_solution,math_engine.algebra,algebra,systems,"(equations, variables)",2,"equations, variables",,"unknown, variable",False,,"Classify a system as having a unique solution, infinitely many solutions, or no solution.","classify system, unique solution, infinite solutions, no solution"
excluded_values,excluded_values,math_engine.algebra,algebra,functions,"(expression, variable='x')",2,expression,variable,"expression, variable",False,,Find values excluded from the domain of a rational expression.,"excluded values, restrictions, undefined values"
valid_domain,valid_domain,math_engine.algebra,algebra,functions,"(expression, variable='x')",2,expression,variable,"expression, variable",False,,Determine the valid real domain of an expression.,"valid domain, domain, restrictions"
find_range,find_range,math_engine.algebra,algebra,functions,"(expression, variable='x')",2,expression,variable,"expression, variable",False,,Determine the range of a function.,"range, function range, output values"
rectangle_area,rectangle_area,math_engine.geometry,geometry,2d_geometry,"(length, width)",2,"length, width",,"numeric_value, numeric_value",False,,Calculate the area of a rectangle.,"rectangle, area, length, width"
rectangle_perimeter,rectangle_perimeter,math_engine.geometry,geometry,2d_geometry,"(length, width)",2,"length, width",,"numeric_value, numeric_value",False,,Calculate the perimeter of a rectangle.,"rectangle, perimeter, length, width"
square_area,square_area,math_engine.geometry,geometry,2d_geometry,(side),1,side,,numeric_value,False,,Calculate the area of a square.,"square, area, side"
square_perimeter,square_perimeter,math_engine.geometry,geometry,2d_geometry,(side),1,side,,numeric_value,False,,Calculate the perimeter of a square.,"square, perimeter, side"
triangle_area,triangle_area,math_engine.geometry,geometry,triangle_geometry,"(base, height)",2,"base, height",,"numeric_value, numeric_value",False,,Calculate triangle area from base and height.,"triangle, area, base, height"
triangle_perimeter,triangle_perimeter,math_engine.geometry,geometry,triangle_geometry,"(side_a, side_b, side_c)",3,"side_a, side_b, side_c",,"unknown, unknown, unknown",False,,Calculate the perimeter of a triangle.,"triangle, perimeter, sides"
circle_area,circle_area,math_engine.geometry,geometry,circle_geometry,(radius),1,radius,,numeric_value,False,,Calculate the area of a circle.,"circle, area, radius"
circle_circumference,circle_circumference,math_engine.geometry,geometry,circle_geometry,(radius),1,radius,,numeric_value,False,,Calculate the circumference of a circle.,"circle, circumference, radius"
parallelogram_area,parallelogram_area,math_engine.geometry,geometry,2d_geometry,"(base, height)",2,"base, height",,"numeric_value, numeric_value",False,,Calculate the area of a parallelogram.,"parallelogram, area, base, height"
trapezoid_area,trapezoid_area,math_engine.geometry,geometry,2d_geometry,"(base_1, base_2, height)",3,"base_1, base_2, height",,"unknown, unknown, numeric_value",False,,Calculate the area of a trapezoid.,"trapezoid, area, bases, height"
rhombus_area,rhombus_area,math_engine.geometry,geometry,2d_geometry,"(diagonal_1, diagonal_2)",2,"diagonal_1, diagonal_2",,"unknown, unknown",False,,Calculate the area of a rhombus.,"rhombus, area, diagonals"
distance_between_points,distance_between_points,math_engine.geometry,geometry,coordinate_geometry,"(x1, y1, x2, y2)",4,"x1, y1, x2, y2",,"unknown, unknown, unknown, unknown",False,,Calculate the distance between two points.,"distance, points, coordinates"
midpoint,midpoint,math_engine.geometry,geometry,coordinate_geometry,"(x1, y1, x2, y2)",4,"x1, y1, x2, y2",,"unknown, unknown, unknown, unknown",False,,Find the midpoint between two points.,"midpoint, points, coordinates"
slope,slope,math_engine.geometry,geometry,coordinate_geometry,"(x1, y1, x2, y2)",4,"x1, y1, x2, y2",,"unknown, unknown, unknown, unknown",False,,Calculate the slope between two points.,"slope, rise, run, points"
line_from_point_slope,line_from_point_slope,math_engine.geometry,geometry,coordinate_geometry,"(x1, y1, line_slope)",3,"x1, y1, line_slope",,"unknown, unknown, unknown",False,,Construct a line from a point and slope.,"line, point slope, slope"
line_from_two_points,line_from_two_points,math_engine.geometry,geometry,coordinate_geometry,"(x1, y1, x2, y2)",4,"x1, y1, x2, y2",,"unknown, unknown, unknown, unknown",False,,Construct a line through two points.,"line, two points, equation"
are_parallel,are_parallel,math_engine.geometry,geometry,coordinate_geometry,"(slope_1, slope_2)",2,"slope_1, slope_2",,"unknown, unknown",False,,Determine whether two lines or slopes are parallel.,"parallel, lines, slopes"
are_perpendicular,are_perpendicular,math_engine.geometry,geometry,coordinate_geometry,"(slope_1, slope_2)",2,"slope_1, slope_2",,"unknown, unknown",False,,Determine whether two lines or slopes are perpendicular.,"perpendicular, lines, slopes"
pythagorean_hypotenuse,pythagorean_hypotenuse,math_engine.geometry,geometry,triangle_geometry,"(side_a, side_b)",2,"side_a, side_b",,"unknown, unknown",False,,Calculate the hypotenuse of a right triangle.,"pythagorean, hypotenuse, right triangle"
pythagorean_leg,pythagorean_leg,math_engine.geometry,geometry,triangle_geometry,"(hypotenuse, known_leg)",2,"hypotenuse, known_leg",,"unknown, unknown",False,,Calculate a missing leg of a right triangle.,"pythagorean, leg, right triangle"
triangle_is_valid,triangle_is_valid,math_engine.geometry,geometry,triangle_geometry,"(side_a, side_b, side_c)",3,"side_a, side_b, side_c",,"unknown, unknown, unknown",False,,Determine whether three side lengths form a valid triangle.,"triangle, valid, triangle inequality"
heron_triangle_area,heron_triangle_area,math_engine.geometry,geometry,triangle_geometry,"(side_a, side_b, side_c)",3,"side_a, side_b, side_c",,"unknown, unknown, unknown",False,,Calculate triangle area using Heron's formula.,"heron, triangle, area, three sides"
missing_triangle_angle,missing_triangle_angle,math_engine.geometry,geometry,triangle_geometry,"(angle_1, angle_2)",2,"angle_1, angle_2",,"angle, angle",False,,Calculate the missing angle of a triangle.,"triangle, missing angle, angle sum"
classify_triangle_by_sides,classify_triangle_by_sides,math_engine.geometry,geometry,triangle_geometry,"(side_a, side_b, side_c)",3,"side_a, side_b, side_c",,"unknown, unknown, unknown",False,,Classify a triangle by its sides.,"triangle, equilateral, isosceles, scalene"
classify_triangle_by_angles,classify_triangle_by_angles,math_engine.geometry,geometry,triangle_geometry,"(angle_1, angle_2, angle_3)",3,"angle_1, angle_2, angle_3",,"angle, angle, angle",False,,Classify a triangle by its angles.,"triangle, acute, right, obtuse"
circle_diameter,circle_diameter,math_engine.geometry,geometry,circle_geometry,(radius),1,radius,,numeric_value,False,,Calculate a circle's diameter from its radius.,"circle, diameter, radius"
arc_length,arc_length,math_engine.geometry,geometry,circle_geometry,"(radius, central_angle_degrees)",2,"radius, central_angle_degrees",,"numeric_value, angle",False,,Calculate the length of a circular arc.,"circle, arc, arc length"
sector_area,sector_area,math_engine.geometry,geometry,circle_geometry,"(radius, central_angle_degrees)",2,"radius, central_angle_degrees",,"numeric_value, angle",False,,Calculate the area of a circular sector.,"circle, sector, area"
semicircle_area,semicircle_area,math_engine.geometry,geometry,circle_geometry,(radius),1,radius,,numeric_value,False,,Calculate the area of a semicircle.,"circle, semicircle, area"
annulus_area,annulus_area,math_engine.geometry,geometry,circle_geometry,"(outer_radius, inner_radius)",2,"outer_radius, inner_radius",,"unknown, unknown",False,,Calculate the area of an annulus.,"circle, annulus, ring, area"
regular_polygon_perimeter,regular_polygon_perimeter,math_engine.geometry,geometry,polygon_geometry,"(number_of_sides, side_length)",2,"number_of_sides, side_length",,"unknown, numeric_value",False,,Calculate the perimeter of a regular polygon.,"polygon, regular, perimeter"
regular_polygon_interior_angle,regular_polygon_interior_angle,math_engine.geometry,geometry,polygon_geometry,(number_of_sides),1,number_of_sides,,unknown,False,,Calculate each interior angle of a regular polygon.,"polygon, interior angle, regular"
polygon_interior_angle_sum,polygon_interior_angle_sum,math_engine.geometry,geometry,polygon_geometry,(number_of_sides),1,number_of_sides,,unknown,False,,Calculate the sum of a polygon's interior angles.,"polygon, interior angles, angle sum"
regular_polygon_area_from_apothem,regular_polygon_area_from_apothem,math_engine.geometry,geometry,polygon_geometry,"(number_of_sides, side_length, apothem)",3,"number_of_sides, side_length, apothem",,"unknown, numeric_value, numeric_value",False,,Calculate regular polygon area from apothem and perimeter.,"polygon, apothem, area"
cube_volume,cube_volume,math_engine.geometry,geometry,solid_geometry,(side),1,side,,numeric_value,False,,Calculate the volume of a cube.,"cube, volume"
cube_surface_area,cube_surface_area,math_engine.geometry,geometry,solid_geometry,(side),1,side,,numeric_value,False,,Calculate the surface area of a cube.,"cube, surface area"
rectangular_prism_volume,rectangular_prism_volume,math_engine.geometry,geometry,solid_geometry,"(length, width, height)",3,"length, width, height",,"numeric_value, numeric_value, numeric_value",False,,Calculate rectangular prism volume.,"rectangular prism, volume"
rectangular_prism_surface_area,rectangular_prism_surface_area,math_engine.geometry,geometry,solid_geometry,"(length, width, height)",3,"length, width, height",,"numeric_value, numeric_value, numeric_value",False,,Calculate rectangular prism surface area.,"rectangular prism, surface area"
cylinder_volume,cylinder_volume,math_engine.geometry,geometry,solid_geometry,"(radius, height)",2,"radius, height",,"numeric_value, numeric_value",False,,Calculate cylinder volume.,"cylinder, volume"
cylinder_surface_area,cylinder_surface_area,math_engine.geometry,geometry,solid_geometry,"(radius, height)",2,"radius, height",,"numeric_value, numeric_value",False,,Calculate cylinder surface area.,"cylinder, surface area"
cone_volume,cone_volume,math_engine.geometry,geometry,solid_geometry,"(radius, height)",2,"radius, height",,"numeric_value, numeric_value",False,,Calculate cone volume.,"cone, volume"
cone_surface_area,cone_surface_area,math_engine.geometry,geometry,solid_geometry,"(radius, height)",2,"radius, height",,"numeric_value, numeric_value",False,,Calculate cone surface area.,"cone, surface area"
sphere_volume,sphere_volume,math_engine.geometry,geometry,solid_geometry,(radius),1,radius,,numeric_value,False,,Calculate sphere volume.,"sphere, volume"
sphere_surface_area,sphere_surface_area,math_engine.geometry,geometry,solid_geometry,(radius),1,radius,,numeric_value,False,,Calculate sphere surface area.,"sphere, surface area"
hemisphere_volume,hemisphere_volume,math_engine.geometry,geometry,solid_geometry,(radius),1,radius,,numeric_value,False,,Calculate hemisphere volume.,"hemisphere, volume"
hemisphere_surface_area,hemisphere_surface_area,math_engine.geometry,geometry,solid_geometry,(radius),1,radius,,numeric_value,False,,Calculate hemisphere surface area.,"hemisphere, surface area"
square_pyramid_volume,square_pyramid_volume,math_engine.geometry,geometry,solid_geometry,"(base_side, height)",2,"base_side, height",,"unknown, numeric_value",False,,Calculate square pyramid volume.,"square pyramid, volume"
square_pyramid_surface_area,square_pyramid_surface_area,math_engine.geometry,geometry,solid_geometry,"(base_side, slant_height)",2,"base_side, slant_height",,"unknown, numeric_value",False,,Calculate square pyramid surface area.,"square pyramid, surface area"
prism_volume,prism_volume,math_engine.geometry,geometry,solid_geometry,"(base_area, height)",2,"base_area, height",,"unknown, numeric_value",False,,Calculate the volume of a prism.,"prism, volume, base area"
line_equation_slope_intercept,line_equation_slope_intercept,math_engine.geometry,geometry,line_geometry,"(slope_value, y_intercept)",2,"slope_value, y_intercept",,"unknown, unknown",False,,Construct a line in slope-intercept form.,"line, slope intercept, y=mx+b"
line_equation_point_slope,line_equation_point_slope,math_engine.geometry,geometry,line_geometry,"(x1, y1, slope_value)",3,"x1, y1, slope_value",,"unknown, unknown, unknown",False,,Construct a line in point-slope form.,"line, point slope"
line_standard_form_from_points,line_standard_form_from_points,math_engine.geometry,geometry,line_geometry,"(x1, y1, x2, y2)",4,"x1, y1, x2, y2",,"unknown, unknown, unknown, unknown",False,,Construct a line in standard form from two points.,"line, standard form, two points"
line_x_intercept,line_x_intercept,math_engine.geometry,geometry,line_geometry,"(slope_value, y_intercept)",2,"slope_value, y_intercept",,"unknown, unknown",False,,Find the x-intercept of a line.,"line, x intercept"
line_y_intercept,line_y_intercept,math_engine.geometry,geometry,line_geometry,"(slope_value, y_intercept)",2,"slope_value, y_intercept",,"unknown, unknown",False,,Find the y-intercept of a line.,"line, y intercept"
line_intersection,line_intersection,math_engine.geometry,geometry,line_geometry,"(slope_1, intercept_1, slope_2, intercept_2)",4,"slope_1, intercept_1, slope_2, intercept_2",,"unknown, unknown, unknown, unknown",False,,Find the intersection of two lines.,"lines, intersection"
point_to_line_distance,point_to_line_distance,math_engine.geometry,geometry,line_geometry,"(point_x, point_y, A, B, C)",5,"point_x, point_y, A, B, C",,"point, point, bound_or_value, bound_or_value, unknown",False,,Calculate the distance from a point to a line.,"point, line, distance"
perpendicular_slope,perpendicular_slope,math_engine.geometry,geometry,line_geometry,(slope_value),1,slope_value,,unknown,False,,Calculate the slope perpendicular to a given slope.,"perpendicular, slope"
perpendicular_bisector,perpendicular_bisector,math_engine.geometry,geometry,line_geometry,"(x1, y1, x2, y2)",4,"x1, y1, x2, y2",,"unknown, unknown, unknown, unknown",False,,Find the perpendicular bisector of a segment.,"perpendicular bisector, segment, midpoint"
triangle_angle_sum_is_valid,triangle_angle_sum_is_valid,math_engine.geometry,geometry,triangle_geometry,"(angle_1, angle_2, angle_3)",3,"angle_1, angle_2, angle_3",,"angle, angle, angle",False,,Check whether three angles form a valid triangle.,"triangle, angles, valid"
triangle_exterior_angle,triangle_exterior_angle,math_engine.geometry,geometry,triangle_geometry,"(remote_angle_1, remote_angle_2)",2,"remote_angle_1, remote_angle_2",,"angle, angle",False,,Calculate a triangle exterior angle.,"triangle, exterior angle"
classify_triangle_by_side_lengths,classify_triangle_by_side_lengths,math_engine.geometry,geometry,triangle_geometry,"(side_a, side_b, side_c)",3,"side_a, side_b, side_c",,"unknown, unknown, unknown",False,,Classify a triangle using side lengths.,"triangle, side lengths, classify"
equilateral_triangle_height,equilateral_triangle_height,math_engine.geometry,geometry,triangle_geometry,(side),1,side,,numeric_value,False,,Calculate the height of an equilateral triangle.,"equilateral, triangle, height"
equilateral_triangle_area,equilateral_triangle_area,math_engine.geometry,geometry,triangle_geometry,(side),1,side,,numeric_value,False,,Calculate the area of an equilateral triangle.,"equilateral, triangle, area"
isosceles_triangle_height,isosceles_triangle_height,math_engine.geometry,geometry,triangle_geometry,"(equal_side, base)",2,"equal_side, base",,"unknown, numeric_value",False,,Calculate the height of an isosceles triangle.,"isosceles, triangle, height"
isosceles_triangle_area,isosceles_triangle_area,math_engine.geometry,geometry,triangle_geometry,"(equal_side, base)",2,"equal_side, base",,"unknown, numeric_value",False,,Calculate the area of an isosceles triangle.,"isosceles, triangle, area"
triangle_centroid,triangle_centroid,math_engine.geometry,geometry,triangle_geometry,"(x1, y1, x2, y2, x3, y3)",6,"x1, y1, x2, y2, x3, y3",,"unknown, unknown, unknown, unknown, unknown, unknown",False,,Calculate the centroid of a triangle.,"triangle, centroid"
triangle_inradius_from_area,triangle_inradius_from_area,math_engine.geometry,geometry,triangle_geometry,"(area, side_a, side_b, side_c)",4,"area, side_a, side_b, side_c",,"numeric_value, unknown, unknown, unknown",False,,Calculate triangle inradius from area and semiperimeter.,"triangle, inradius, incircle"
triangle_circumradius,triangle_circumradius,math_engine.geometry,geometry,triangle_geometry,"(side_a, side_b, side_c)",3,"side_a, side_b, side_c",,"unknown, unknown, unknown",False,,Calculate the circumradius of a triangle.,"triangle, circumradius, circumcircle"
circle_radius_from_diameter,circle_radius_from_diameter,math_engine.geometry,geometry,circle_geometry,(diameter),1,diameter,,numeric_value,False,,Calculate circle radius from diameter.,"circle, radius, diameter"
circle_radius_from_circumference,circle_radius_from_circumference,math_engine.geometry,geometry,circle_geometry,(circumference),1,circumference,,numeric_value,False,,Calculate circle radius from circumference.,"circle, radius, circumference"
circle_radius_from_area,circle_radius_from_area,math_engine.geometry,geometry,circle_geometry,(area),1,area,,numeric_value,False,,Calculate circle radius from area.,"circle, radius, area"
circle_circumference_from_diameter,circle_circumference_from_diameter,math_engine.geometry,geometry,circle_geometry,(diameter),1,diameter,,numeric_value,False,,Calculate circumference from diameter.,"circle, circumference, diameter"
chord_length,chord_length,math_engine.geometry,geometry,circle_geometry,"(radius, distance_from_center)",2,"radius, distance_from_center",,"numeric_value, unknown",False,,Calculate the length of a circle chord.,"circle, chord, length"
center_to_chord_distance,center_to_chord_distance,math_engine.geometry,geometry,circle_geometry,"(radius, chord)",2,"radius, chord",,"numeric_value, unknown",False,,Calculate distance from circle center to a chord.,"circle, chord, center, distance"
circle_equation,circle_equation,math_engine.geometry,geometry,circle_geometry,"(center_x, center_y, radius)",3,"center_x, center_y, radius",,"unknown, unknown, numeric_value",False,,Construct the equation of a circle.,"circle, equation, center, radius"
circle_center_radius_from_standard,circle_center_radius_from_standard,math_engine.geometry,geometry,circle_geometry,"(h, k, radius_squared)",3,"h, k, radius_squared",,"unknown, unknown, unknown",False,,Extract a circle's center and radius from its equation.,"circle, center, radius, equation"
regular_polygon_exterior_angle,regular_polygon_exterior_angle,math_engine.geometry,geometry,polygon_geometry,(number_of_sides),1,number_of_sides,,unknown,False,,Calculate each exterior angle of a regular polygon.,"polygon, exterior angle"
polygon_exterior_angle_sum,polygon_exterior_angle_sum,math_engine.geometry,geometry,polygon_geometry,(),0,,,,False,,Calculate the exterior-angle sum of a polygon.,"polygon, exterior angles, angle sum"
polygon_diagonals,polygon_diagonals,math_engine.geometry,geometry,polygon_geometry,(number_of_sides),1,number_of_sides,,unknown,False,,Calculate the number of diagonals in a polygon.,"polygon, diagonals"
regular_polygon_apothem,regular_polygon_apothem,math_engine.geometry,geometry,polygon_geometry,"(number_of_sides, side_length)",2,"number_of_sides, side_length",,"unknown, numeric_value",False,,Calculate the apothem of a regular polygon.,"polygon, apothem"
regular_polygon_area,regular_polygon_area,math_engine.geometry,geometry,polygon_geometry,"(number_of_sides, side_length)",2,"number_of_sides, side_length",,"unknown, numeric_value",False,,Calculate the area of a regular polygon.,"polygon, regular, area"
regular_polygon_side_from_apothem,regular_polygon_side_from_apothem,math_engine.geometry,geometry,polygon_geometry,"(number_of_sides, apothem)",2,"number_of_sides, apothem",,"unknown, numeric_value",False,,Calculate regular polygon side length from its apothem.,"polygon, apothem, side length"
classify_polygon,classify_polygon,math_engine.geometry,geometry,polygon_geometry,(number_of_sides),1,number_of_sides,,unknown,False,,Classify a polygon by its number of sides.,"polygon, classify, sides"
polygon_perimeter,polygon_perimeter,math_engine.geometry,geometry,polygon_geometry,(side_lengths),1,side_lengths,,unknown,False,,Calculate a polygon's perimeter from its side lengths.,"polygon, perimeter, sides"
shoelace_area,shoelace_area,math_engine.geometry,geometry,polygon_geometry,(points),1,points,,point,False,,Calculate polygon area using the shoelace formula.,"polygon, shoelace, coordinates, area"
rectangle_diagonal,rectangle_diagonal,math_engine.geometry,geometry,quadrilateral_geometry,"(length, width)",2,"length, width",,"numeric_value, numeric_value",False,,Calculate the diagonal of a rectangle.,"rectangle, diagonal"
square_diagonal,square_diagonal,math_engine.geometry,geometry,quadrilateral_geometry,(side),1,side,,numeric_value,False,,Calculate the diagonal of a square.,"square, diagonal"
rhombus_perimeter,rhombus_perimeter,math_engine.geometry,geometry,quadrilateral_geometry,(side),1,side,,numeric_value,False,,Calculate the perimeter of a rhombus.,"rhombus, perimeter"
parallelogram_perimeter,parallelogram_perimeter,math_engine.geometry,geometry,quadrilateral_geometry,"(side_a, side_b)",2,"side_a, side_b",,"unknown, unknown",False,,Calculate the perimeter of a parallelogram.,"parallelogram, perimeter"
trapezoid_perimeter,trapezoid_perimeter,math_engine.geometry,geometry,quadrilateral_geometry,"(side_a, side_b, side_c, side_d)",4,"side_a, side_b, side_c, side_d",,"unknown, unknown, unknown, unknown",False,,Calculate the perimeter of a trapezoid.,"trapezoid, perimeter"
kite_area,kite_area,math_engine.geometry,geometry,quadrilateral_geometry,"(diagonal_1, diagonal_2)",2,"diagonal_1, diagonal_2",,"unknown, unknown",False,,Calculate the area of a kite.,"kite, area, diagonals"
kite_perimeter,kite_perimeter,math_engine.geometry,geometry,quadrilateral_geometry,"(side_a, side_b)",2,"side_a, side_b",,"unknown, unknown",False,,Calculate the perimeter of a kite.,"kite, perimeter"
quadrilateral_perimeter,quadrilateral_perimeter,math_engine.geometry,geometry,quadrilateral_geometry,"(side_a, side_b, side_c, side_d)",4,"side_a, side_b, side_c, side_d",,"unknown, unknown, unknown, unknown",False,,Calculate the perimeter of a quadrilateral.,"quadrilateral, perimeter"
translate_point,translate_point,math_engine.geometry,geometry,transformations,"(x, y, delta_x, delta_y)",4,"x, y, delta_x, delta_y",,"variable, variable, unknown, unknown",False,,Translate a point in the coordinate plane.,"translate, translation, point"
reflect_x_axis,reflect_x_axis,math_engine.geometry,geometry,transformations,"(x, y)",2,"x, y",,"variable, variable",False,,Reflect a point across the x-axis.,"reflect, x axis"
reflect_y_axis,reflect_y_axis,math_engine.geometry,geometry,transformations,"(x, y)",2,"x, y",,"variable, variable",False,,Reflect a point across the y-axis.,"reflect, y axis"
reflect_origin,reflect_origin,math_engine.geometry,geometry,transformations,"(x, y)",2,"x, y",,"variable, variable",False,,Reflect a point through the origin.,"reflect, origin"
rotate_point_90,rotate_point_90,math_engine.geometry,geometry,transformations,"(x, y)",2,"x, y",,"variable, variable",False,,Rotate a point 90 degrees.,"rotate, rotation, 90 degrees"
rotate_point_180,rotate_point_180,math_engine.geometry,geometry,transformations,"(x, y)",2,"x, y",,"variable, variable",False,,Rotate a point 180 degrees.,"rotate, rotation, 180 degrees"
rotate_point_270,rotate_point_270,math_engine.geometry,geometry,transformations,"(x, y)",2,"x, y",,"variable, variable",False,,Rotate a point 270 degrees.,"rotate, rotation, 270 degrees"
rotate_point,rotate_point,math_engine.geometry,geometry,transformations,"(x, y, angle_degrees)",3,"x, y, angle_degrees",,"variable, variable, angle",False,,Rotate a point by an arbitrary angle.,"rotate, rotation, point, angle"
dilate_point,dilate_point,math_engine.geometry,geometry,transformations,"(x, y, scale_factor)",3,"x, y, scale_factor",,"variable, variable, numeric_value",False,,Dilate a point about the origin.,"dilate, dilation, scale factor"
dilate_point_about_center,dilate_point_about_center,math_engine.geometry,geometry,transformations,"(x, y, center_x, center_y, scale_factor)",5,"x, y, center_x, center_y, scale_factor",,"variable, variable, unknown, unknown, numeric_value",False,,Dilate a point about a specified center.,"dilate, dilation, center, scale factor"
translate_points,translate_points,math_engine.geometry,geometry,transformations,"(points, delta_x, delta_y)",3,"points, delta_x, delta_y",,"point, unknown, unknown",False,,Translate multiple points.,"translate, points, translation"
scale_factor,scale_factor,math_engine.geometry,geometry,similarity,"(original_length, new_length)",2,"original_length, new_length",,"unknown, unknown",False,,Calculate the scale factor between similar figures.,"scale factor, similar figures"
similar_figure_length,similar_figure_length,math_engine.geometry,geometry,similarity,"(original_length, scale_factor_value)",2,"original_length, scale_factor_value",,"unknown, unknown",False,,Calculate a corresponding length in similar figures.,"similar figures, length, scale factor"
similar_figure_area,similar_figure_area,math_engine.geometry,geometry,similarity,"(original_area, scale_factor_value)",2,"original_area, scale_factor_value",,"unknown, unknown",False,,Calculate corresponding area using a scale factor.,"similar figures, area, scale factor"
similar_figure_volume,similar_figure_volume,math_engine.geometry,geometry,similarity,"(original_volume, scale_factor_value)",2,"original_volume, scale_factor_value",,"unknown, unknown",False,,Calculate corresponding volume using a scale factor.,"similar figures, volume, scale factor"
triangular_prism_volume,triangular_prism_volume,math_engine.geometry,geometry,solid_geometry,"(triangle_base, triangle_height, prism_length)",3,"triangle_base, triangle_height, prism_length",,"angle, angle, unknown",False,,Calculate triangular prism volume.,"triangular prism, volume"
triangular_prism_surface_area,triangular_prism_surface_area,math_engine.geometry,geometry,solid_geometry,"(side_a, side_b, side_c, triangle_base, triangle_height, prism_length)",6,"side_a, side_b, side_c, triangle_base, triangle_height, prism_length",,"unknown, unknown, unknown, angle, angle, unknown",False,,Calculate triangular prism surface area.,"triangular prism, surface area"
prism_surface_area,prism_surface_area,math_engine.geometry,geometry,solid_geometry,"(base_area, base_perimeter, height)",3,"base_area, base_perimeter, height",,"unknown, unknown, numeric_value",False,,Calculate prism surface area.,"prism, surface area"
pyramid_volume,pyramid_volume,math_engine.geometry,geometry,solid_geometry,"(base_area, height)",2,"base_area, height",,"unknown, numeric_value",False,,Calculate pyramid volume.,"pyramid, volume"
rectangular_pyramid_volume,rectangular_pyramid_volume,math_engine.geometry,geometry,solid_geometry,"(length, width, height)",3,"length, width, height",,"numeric_value, numeric_value, numeric_value",False,,Calculate rectangular pyramid volume.,"rectangular pyramid, volume"
cone_slant_height,cone_slant_height,math_engine.geometry,geometry,solid_geometry,"(radius, height)",2,"radius, height",,"numeric_value, numeric_value",False,,Calculate the slant height of a cone.,"cone, slant height"
cylinder_lateral_area,cylinder_lateral_area,math_engine.geometry,geometry,solid_geometry,"(radius, height)",2,"radius, height",,"numeric_value, numeric_value",False,,Calculate the lateral area of a cylinder.,"cylinder, lateral area"
cone_lateral_area,cone_lateral_area,math_engine.geometry,geometry,solid_geometry,"(radius, height)",2,"radius, height",,"numeric_value, numeric_value",False,,Calculate the lateral area of a cone.,"cone, lateral area"
hemisphere_curved_surface_area,hemisphere_curved_surface_area,math_engine.geometry,geometry,solid_geometry,(radius),1,radius,,numeric_value,False,,Calculate the curved surface area of a hemisphere.,"hemisphere, curved surface area"
cone_frustum_volume,cone_frustum_volume,math_engine.geometry,geometry,solid_geometry,"(radius_1, radius_2, height)",3,"radius_1, radius_2, height",,"unknown, unknown, numeric_value",False,,Calculate the volume of a conical frustum.,"cone, frustum, volume"
cone_frustum_surface_area,cone_frustum_surface_area,math_engine.geometry,geometry,solid_geometry,"(radius_1, radius_2, height)",3,"radius_1, radius_2, height",,"unknown, unknown, numeric_value",False,,Calculate the surface area of a conical frustum.,"cone, frustum, surface area"
regular_tetrahedron_volume,regular_tetrahedron_volume,math_engine.geometry,geometry,solid_geometry,(side),1,side,,numeric_value,False,,Calculate regular tetrahedron volume.,"tetrahedron, volume"
regular_tetrahedron_surface_area,regular_tetrahedron_surface_area,math_engine.geometry,geometry,solid_geometry,(side),1,side,,numeric_value,False,,Calculate regular tetrahedron surface area.,"tetrahedron, surface area"
angle_of_depression,angle_of_depression,math_engine.trigonometry,trigonometry,angle_fundamentals,"(vertical_drop, horizontal_distance)",2,"vertical_drop, horizontal_distance",,"unknown, unknown",False,,Find angle of depression.,"angle_of_depression, angle of depression, angle, of, depression"
angle_of_elevation,angle_of_elevation,math_engine.trigonometry,trigonometry,angle_fundamentals,"(vertical_height, horizontal_distance)",2,"vertical_height, horizontal_distance",,"unknown, unknown",False,,Find angle of elevation.,"angle_of_elevation, angle of elevation, angle, of, elevation"
angle_quadrant_degrees,angle_quadrant_degrees,math_engine.trigonometry,trigonometry,angle_fundamentals,(degrees),1,degrees,,unknown,False,,Determine the quadrant of an angle.,"angle_quadrant_degrees, angle quadrant degrees, angle, quadrant, degrees"
arccosecant,arccosecant,math_engine.trigonometry,trigonometry,trigonometry_utilities,"(value, output_unit='radians')",2,value,output_unit,"numeric_value, unknown",False,,Calculate inverse cosecant.,arccosecant
arccosine,arccosine,math_engine.trigonometry,trigonometry,trigonometry_utilities,"(value, output_unit='radians')",2,value,output_unit,"numeric_value, unknown",False,,Calculate inverse cosine.,arccosine
arccotangent,arccotangent,math_engine.trigonometry,trigonometry,trigonometry_utilities,"(value, output_unit='radians')",2,value,output_unit,"numeric_value, unknown",False,,Principal inverse cotangent.,arccotangent
arcsecant,arcsecant,math_engine.trigonometry,trigonometry,trigonometry_utilities,"(value, output_unit='radians')",2,value,output_unit,"numeric_value, unknown",False,,Calculate inverse secant.,arcsecant
arcsine,arcsine,math_engine.trigonometry,trigonometry,trigonometry_utilities,"(value, output_unit='radians')",2,value,output_unit,"numeric_value, unknown",False,,Calculate inverse sine.,arcsine
arctangent,arctangent,math_engine.trigonometry,trigonometry,trigonometry_utilities,"(value, output_unit='radians')",2,value,output_unit,"numeric_value, unknown",False,,Calculate inverse tangent.,arctangent
bearing_from_vector,bearing_from_vector,math_engine.trigonometry,trigonometry,vector_trigonometry,"(x_component, y_component)",2,"x_component, y_component",,"unknown, unknown",False,,Calculate compass bearing,"bearing_from_vector, bearing from vector, bearing, from, vector"
bearing_to_direction_angle,bearing_to_direction_angle,math_engine.trigonometry,trigonometry,angle_fundamentals,(bearing),1,bearing,,angle,False,,Convert compass bearing to standard,"bearing_to_direction_angle, bearing to direction angle, bearing, to, direction, angle"
cartesian_to_polar,cartesian_to_polar,math_engine.trigonometry,trigonometry,polar_coordinates,"(x, y, angle_unit='radians')",3,"x, y",angle_unit,"variable, variable, angle",False,,Convert Cartesian coordinates to polar.,"cartesian_to_polar, cartesian to polar, cartesian, to, polar"
cofunction_cosine,cofunction_cosine,math_engine.trigonometry,trigonometry,trigonometry_utilities,(angle),1,angle,,angle,False,,cos(pi/2 - theta) = sin(theta),"cofunction_cosine, cofunction cosine, cofunction, cosine"
cofunction_sine,cofunction_sine,math_engine.trigonometry,trigonometry,trigonometry_utilities,(angle),1,angle,,angle,False,,sin(pi/2 - theta) = cos(theta),"cofunction_sine, cofunction sine, cofunction, sine"
cosecant,cosecant,math_engine.trigonometry,trigonometry,trigonometry_utilities,"(angle, unit='radians')",2,angle,unit,"angle, unknown",False,,Calculate cosecant.,cosecant
cosine,cosine,math_engine.trigonometry,trigonometry,trigonometry_utilities,"(angle, unit='radians')",2,angle,unit,"angle, unknown",False,,Calculate cosine.,cosine
cosine_difference,cosine_difference,math_engine.trigonometry,trigonometry,trigonometry_utilities,"(angle_a, angle_b)",2,"angle_a, angle_b",,"angle, angle",False,,cos(A - B),"cosine_difference, cosine difference, cosine, difference"
cosine_double_angle,cosine_double_angle,math_engine.trigonometry,trigonometry,angle_fundamentals,(angle),1,angle,,angle,False,,cos(2theta),"cosine_double_angle, cosine double angle, cosine, double, angle"
cosine_graph_properties,cosine_graph_properties,math_engine.trigonometry,trigonometry,trigonometry_utilities,"(A, B, C=0, D=0)",4,"A, B","C, D","bound_or_value, bound_or_value, unknown, unknown",False,,Analyze:,"cosine_graph_properties, cosine graph properties, cosine, graph, properties"
cosine_half_angle,cosine_half_angle,math_engine.trigonometry,trigonometry,angle_fundamentals,(angle),1,angle,,angle,False,,Principal positive half-angle form.,"cosine_half_angle, cosine half angle, cosine, half, angle"
cosine_power_reduction,cosine_power_reduction,math_engine.trigonometry,trigonometry,trigonometry_utilities,(angle),1,angle,,angle,False,,cos^2(theta) power-reduction identity.,"cosine_power_reduction, cosine power reduction, cosine, power, reduction"
cosine_sum,cosine_sum,math_engine.trigonometry,trigonometry,trigonometry_utilities,"(angle_a, angle_b)",2,"angle_a, angle_b",,"angle, angle",False,,cos(A + B),"cosine_sum, cosine sum, cosine, sum"
cotangent,cotangent,math_engine.trigonometry,trigonometry,trigonometry_utilities,"(angle, unit='radians')",2,angle,unit,"angle, unknown",False,,Calculate cotangent.,cotangent
coterminal_angle_degrees,coterminal_angle_degrees,math_engine.trigonometry,trigonometry,angle_fundamentals,"(degrees, rotations=1)",2,degrees,rotations,"unknown, unknown",False,,Generate positive and negative coterminal angles.,"coterminal_angle_degrees, coterminal angle degrees, coterminal, angle, degrees"
coterminal_angle_radians,coterminal_angle_radians,math_engine.trigonometry,trigonometry,angle_fundamentals,"(radians, rotations=1)",2,radians,rotations,"unknown, unknown",False,,Generate positive and negative coterminal angles.,"coterminal_angle_radians, coterminal angle radians, coterminal, angle, radians"
decimal_trig_value,decimal_trig_value,math_engine.trigonometry,trigonometry,trigonometry_utilities,"(function_name, angle, unit='degrees', digits=10)",4,"function_name, angle","unit, digits","unknown, angle, unknown, unknown",False,,Return numerical trig value.,"decimal_trig_value, decimal trig value, decimal, trig, value"
degrees_to_radians,degrees_to_radians,math_engine.trigonometry,trigonometry,angle_fundamentals,(degrees),1,degrees,,unknown,False,,Convert degrees to radians.,"degrees_to_radians, degrees to radians, degrees, to, radians"
detect_trig_functions,detect_trig_functions,math_engine.trigonometry,trigonometry,trigonometry_utilities,(expression),1,expression,,expression,True,Operation name begins with helper prefix 'detect_'.,Detect trig functions used in an expression.,"detect_trig_functions, detect trig functions, detect, trig, functions"
direction_angle_to_bearing,direction_angle_to_bearing,math_engine.trigonometry,trigonometry,angle_fundamentals,(direction_angle),1,direction_angle,,vector,False,,Convert a standard mathematical,"direction_angle_to_bearing, direction angle to bearing, direction, angle, to, bearing"
evaluate_trig_function,evaluate_trig_function,math_engine.trigonometry,trigonometry,trigonometry_utilities,"(function_name, angle, unit='radians', decimal=False)",4,"function_name, angle","unit, decimal","unknown, angle, unknown, unknown",False,,Evaluate a named trig function.,"evaluate_trig_function, evaluate trig function, evaluate, trig, function"
even_odd_identity,even_odd_identity,math_engine.trigonometry,trigonometry,trigonometric_identities,"(function_name, angle)",2,"function_name, angle",,"unknown, angle",False,,Evaluate trig function at -theta.,"even_odd_identity, even odd identity, even, odd, identity"
exact_trig_value,exact_trig_value,math_engine.trigonometry,trigonometry,trigonometry_utilities,"(function_name, angle, unit='degrees')",3,"function_name, angle",unit,"unknown, angle, unknown",False,,Return an exact trig value.,"exact_trig_value, exact trig value, exact, trig, value"
expand_trig_expression,expand_trig_expression,math_engine.trigonometry,trigonometry,trigonometry_utilities,(expression),1,expression,,expression,False,,Expand trig expressions using,"expand_trig_expression, expand trig expression, expand, trig, expression"
law_of_cosines_angle,law_of_cosines_angle,math_engine.trigonometry,trigonometry,angle_fundamentals,"(opposite_side, adjacent_side_1, adjacent_side_2, output_unit='degrees')",4,"opposite_side, adjacent_side_1, adjacent_side_2",output_unit,"unknown, unknown, unknown, unknown",False,,Find an angle using the Law of Cosines.,"law_of_cosines_angle, law of cosines angle, law, of, cosines, angle"
law_of_cosines_side,law_of_cosines_side,math_engine.trigonometry,trigonometry,law_of_cosines,"(side_a, side_b, included_angle, unit='degrees')",4,"side_a, side_b, included_angle",unit,"unknown, unknown, angle, unknown",False,,Find the side opposite the,"law_of_cosines_side, law of cosines side, law, of, cosines, side"
law_of_sines_angle,law_of_sines_angle,math_engine.trigonometry,trigonometry,angle_fundamentals,"(target_side, known_side, known_angle, output_unit='degrees')",4,"target_side, known_side, known_angle",output_unit,"unknown, unknown, angle, unknown",False,,Find an angle using the Law of Sines.,"law_of_sines_angle, law of sines angle, law, of, sines, angle"
law_of_sines_side,law_of_sines_side,math_engine.trigonometry,trigonometry,law_of_sines,"(known_side, known_angle, target_angle, unit='degrees')",4,"known_side, known_angle, target_angle",unit,"unknown, angle, angle, unknown",False,,Find a missing side using:,"law_of_sines_side, law of sines side, law, of, sines, side"
law_of_sines_ssa_solutions,law_of_sines_ssa_solutions,math_engine.trigonometry,trigonometry,law_of_sines,"(known_side, known_angle, target_side)",3,"known_side, known_angle, target_side",,"unknown, angle, unknown",False,,Determine possible SSA angle solutions.,"law_of_sines_ssa_solutions, law of sines ssa solutions, law, of, sines, ssa, solutions"
normalize_degrees,normalize_degrees,math_engine.trigonometry,trigonometry,angle_fundamentals,(degrees),1,degrees,,unknown,False,,Normalize an angle to:,"normalize_degrees, normalize degrees, normalize, degrees"
normalize_radians,normalize_radians,math_engine.trigonometry,trigonometry,angle_fundamentals,(radians),1,radians,,unknown,False,,Normalize an angle to:,"normalize_radians, normalize radians, normalize, radians"
parse_angle,parse_angle,math_engine.trigonometry,trigonometry,angle_fundamentals,(value),1,value,,numeric_value,True,Operation name begins with helper prefix 'parse_'.,Convert input into a SymPy expression.,"parse_angle, parse angle, parse, angle"
polar_angle,polar_angle,math_engine.trigonometry,trigonometry,angle_fundamentals,"(x, y, output_unit='radians')",3,"x, y",output_unit,"variable, variable, unknown",False,,Calculate polar angle using atan2.,"polar_angle, polar angle, polar, angle"
polar_radius,polar_radius,math_engine.trigonometry,trigonometry,polar_coordinates,"(x, y)",2,"x, y",,"variable, variable",False,,Calculate polar radius.,"polar_radius, polar radius, polar, radius"
polar_to_cartesian,polar_to_cartesian,math_engine.trigonometry,trigonometry,polar_coordinates,"(radius, angle, angle_unit='radians')",3,"radius, angle",angle_unit,"numeric_value, angle, angle",False,,Convert polar coordinates,"polar_to_cartesian, polar to cartesian, polar, to, cartesian"
product_to_sum_cos_cos,product_to_sum_cos_cos,math_engine.trigonometry,trigonometry,trigonometry_utilities,"(angle_a, angle_b)",2,"angle_a, angle_b",,"angle, angle",False,,Convert cos(A)cos(B) to a sum.,"product_to_sum_cos_cos, product to sum cos cos, product, to, sum, cos"
product_to_sum_sin_sin,product_to_sum_sin_sin,math_engine.trigonometry,trigonometry,trigonometry_utilities,"(angle_a, angle_b)",2,"angle_a, angle_b",,"angle, angle",False,,Convert sin(A)sin(B) to a sum.,"product_to_sum_sin_sin, product to sum sin sin, product, to, sum, sin"
pythagorean_identity_sin_cos,pythagorean_identity_sin_cos,math_engine.trigonometry,trigonometry,trigonometric_identities,(angle),1,angle,,angle,False,,Evaluate:,"pythagorean_identity_sin_cos, pythagorean identity sin cos, pythagorean, identity, sin, cos"
pythagorean_identity_tan_sec,pythagorean_identity_tan_sec,math_engine.trigonometry,trigonometry,trigonometric_identities,(angle),1,angle,,angle,False,,Evaluate:,"pythagorean_identity_tan_sec, pythagorean identity tan sec, pythagorean, identity, tan, sec"
quotient_identity,quotient_identity,math_engine.trigonometry,trigonometry,trigonometric_identities,"(function_name, angle)",2,"function_name, angle",,"unknown, angle",False,,Return tangent or cotangent,"quotient_identity, quotient identity, quotient, identity"
radians_to_degrees,radians_to_degrees,math_engine.trigonometry,trigonometry,angle_fundamentals,(radians),1,radians,,unknown,False,,Convert radians to degrees.,"radians_to_degrees, radians to degrees, radians, to, degrees"
reciprocal_identity,reciprocal_identity,math_engine.trigonometry,trigonometry,trigonometric_identities,"(function_name, angle)",2,"function_name, angle",,"unknown, angle",False,,Return the reciprocal identity value.,"reciprocal_identity, reciprocal identity, reciprocal, identity"
reference_angle_degrees,reference_angle_degrees,math_engine.trigonometry,trigonometry,angle_fundamentals,(degrees),1,degrees,,unknown,False,,Calculate the reference angle in degrees.,"reference_angle_degrees, reference angle degrees, reference, angle, degrees"
reference_angle_radians,reference_angle_radians,math_engine.trigonometry,trigonometry,angle_fundamentals,(radians),1,radians,,unknown,False,,Calculate the reference angle in radians.,"reference_angle_radians, reference angle radians, reference, angle, radians"
rewrite_trig_as_sin_cos,rewrite_trig_as_sin_cos,math_engine.trigonometry,trigonometry,trigonometric_identities,(expression),1,expression,,expression,False,,Rewrite trigonometric expressions,"rewrite_trig_as_sin_cos, rewrite trig as sin cos, rewrite, trig, as, sin, cos"
right_triangle_adjacent,right_triangle_adjacent,math_engine.trigonometry,trigonometry,angle_fundamentals,"(angle, hypotenuse, unit='degrees')",3,"angle, hypotenuse",unit,"angle, unknown, unknown",False,,Find adjacent side.,"right_triangle_adjacent, right triangle adjacent, right, triangle, adjacent"
right_triangle_angle_from_sides,right_triangle_angle_from_sides,math_engine.trigonometry,trigonometry,angle_fundamentals,"(opposite, adjacent, output_unit='degrees')",3,"opposite, adjacent",output_unit,"unknown, unknown, unknown",False,,Find an acute angle from opposite,"right_triangle_angle_from_sides, right triangle angle from sides, right, triangle, angle, from, sides"
right_triangle_cosine,right_triangle_cosine,math_engine.trigonometry,trigonometry,angle_fundamentals,"(adjacent, hypotenuse)",2,"adjacent, hypotenuse",,"unknown, unknown",False,,cos(theta) = adjacent / hypotenuse,"right_triangle_cosine, right triangle cosine, right, triangle, cosine"
right_triangle_opposite,right_triangle_opposite,math_engine.trigonometry,trigonometry,angle_fundamentals,"(angle, hypotenuse, unit='degrees')",3,"angle, hypotenuse",unit,"angle, unknown, unknown",False,,Find opposite side.,"right_triangle_opposite, right triangle opposite, right, triangle, opposite"
right_triangle_sine,right_triangle_sine,math_engine.trigonometry,trigonometry,angle_fundamentals,"(opposite, hypotenuse)",2,"opposite, hypotenuse",,"unknown, unknown",False,,sin(theta) = opposite / hypotenuse,"right_triangle_sine, right triangle sine, right, triangle, sine"
right_triangle_tangent,right_triangle_tangent,math_engine.trigonometry,trigonometry,angle_fundamentals,"(opposite, adjacent)",2,"opposite, adjacent",,"unknown, unknown",False,,tan(theta) = opposite / adjacent,"right_triangle_tangent, right triangle tangent, right, triangle, tangent"
secant,secant,math_engine.trigonometry,trigonometry,trigonometry_utilities,"(angle, unit='radians')",2,angle,unit,"angle, unknown",False,,Calculate secant.,secant
simplify_trig,simplify_trig,math_engine.trigonometry,trigonometry,trigonometric_identities,(expression),1,expression,,expression,False,,Simplify a trigonometric expression.,"simplify_trig, simplify trig, simplify, trig"
sine,sine,math_engine.trigonometry,trigonometry,trigonometry_utilities,"(angle, unit='radians')",2,angle,unit,"angle, unknown",False,,Calculate sine.,sine
sine_difference,sine_difference,math_engine.trigonometry,trigonometry,trigonometry_utilities,"(angle_a, angle_b)",2,"angle_a, angle_b",,"angle, angle",False,,sin(A - B),"sine_difference, sine difference, sine, difference"
sine_double_angle,sine_double_angle,math_engine.trigonometry,trigonometry,angle_fundamentals,(angle),1,angle,,angle,False,,sin(2theta),"sine_double_angle, sine double angle, sine, double, angle"
sine_graph_properties,sine_graph_properties,math_engine.trigonometry,trigonometry,trigonometry_utilities,"(A, B, C=0, D=0)",4,"A, B","C, D","bound_or_value, bound_or_value, unknown, unknown",False,,Analyze:,"sine_graph_properties, sine graph properties, sine, graph, properties"
sine_half_angle,sine_half_angle,math_engine.trigonometry,trigonometry,angle_fundamentals,(angle),1,angle,,angle,False,,Principal positive half-angle form.,"sine_half_angle, sine half angle, sine, half, angle"
sine_power_reduction,sine_power_reduction,math_engine.trigonometry,trigonometry,trigonometry_utilities,(angle),1,angle,,angle,False,,sin^2(theta) power-reduction identity.,"sine_power_reduction, sine power reduction, sine, power, reduction"
sine_sum,sine_sum,math_engine.trigonometry,trigonometry,trigonometry_utilities,"(angle_a, angle_b)",2,"angle_a, angle_b",,"angle, angle",False,,sin(A + B),"sine_sum, sine sum, sine, sum"
solve_cosine_equation,solve_cosine_equation,math_engine.trigonometry,trigonometry,trigonometric_equations,"(value, variable='x', domain=Reals)",3,value,"variable, domain","numeric_value, variable, unknown",False,,Solve:,"solve_cosine_equation, solve cosine equation, solve, cosine, equation"
solve_right_triangle,solve_right_triangle,math_engine.trigonometry,trigonometry,angle_fundamentals,"(opposite, adjacent)",2,"opposite, adjacent",,"unknown, unknown",False,,Solve a right triangle from,"solve_right_triangle, solve right triangle, solve, right, triangle"
solve_sine_equation,solve_sine_equation,math_engine.trigonometry,trigonometry,trigonometric_equations,"(value, variable='x', domain=Reals)",3,value,"variable, domain","numeric_value, variable, unknown",False,,Solve:,"solve_sine_equation, solve sine equation, solve, sine, equation"
solve_tangent_equation,solve_tangent_equation,math_engine.trigonometry,trigonometry,trigonometric_equations,"(value, variable='x', domain=Reals)",3,value,"variable, domain","numeric_value, variable, unknown",False,,Solve:,"solve_tangent_equation, solve tangent equation, solve, tangent, equation"
solve_triangle_aas,solve_triangle_aas,math_engine.trigonometry,trigonometry,angle_fundamentals,"(angle_a, angle_b, side_a)",3,"angle_a, angle_b, side_a",,"angle, angle, unknown",False,,"Solve AAS from angles A, B and side A.","solve_triangle_aas, solve triangle aas, solve, triangle, aas"
solve_triangle_asa,solve_triangle_asa,math_engine.trigonometry,trigonometry,angle_fundamentals,"(angle_a, angle_b, included_side)",3,"angle_a, angle_b, included_side",,"angle, angle, unknown",False,,Solve ASA when included_side is side C.,"solve_triangle_asa, solve triangle asa, solve, triangle, asa"
solve_triangle_sas,solve_triangle_sas,math_engine.trigonometry,trigonometry,angle_fundamentals,"(side_a, side_b, included_angle)",3,"side_a, side_b, included_angle",,"unknown, unknown, angle",False,,Solve a triangle from SAS.,"solve_triangle_sas, solve triangle sas, solve, triangle, sas"
solve_triangle_ssa,solve_triangle_ssa,math_engine.trigonometry,trigonometry,angle_fundamentals,"(known_side, known_angle, second_side)",3,"known_side, known_angle, second_side",,"unknown, angle, unknown",False,,Solve the ambiguous SSA case.,"solve_triangle_ssa, solve triangle ssa, solve, triangle, ssa"
solve_triangle_sss,solve_triangle_sss,math_engine.trigonometry,trigonometry,angle_fundamentals,"(side_a, side_b, side_c)",3,"side_a, side_b, side_c",,"unknown, unknown, unknown",False,,Solve a triangle from SSS.,"solve_triangle_sss, solve triangle sss, solve, triangle, sss"
solve_trig_equation,solve_trig_equation,math_engine.trigonometry,trigonometry,trigonometric_equations,"(left_side, right_side=0, variable='x', domain=Reals)",4,left_side,"right_side, variable, domain","expression, expression, variable, unknown",False,,Solve a trigonometric equation.,"solve_trig_equation, solve trig equation, solve, trig, equation"
solve_trig_interval,solve_trig_interval,math_engine.trigonometry,trigonometry,trigonometric_equations,"(left_side, right_side, start, end, variable='x')",5,"left_side, right_side, start, end",variable,"expression, expression, bound_or_value, bound_or_value, variable",False,,Solve a trig equation over a,"solve_trig_interval, solve trig interval, solve, trig, interval"
standard_unit_circle_angles,standard_unit_circle_angles,math_engine.trigonometry,trigonometry,angle_fundamentals,(),0,,,,False,,Return common unit-circle angles,"standard_unit_circle_angles, standard unit circle angles, standard, unit, circle, angles"
sum_to_product_cosine,sum_to_product_cosine,math_engine.trigonometry,trigonometry,trigonometry_utilities,"(angle_a, angle_b)",2,"angle_a, angle_b",,"angle, angle",False,,Convert cos(A) + cos(B) to product form.,"sum_to_product_cosine, sum to product cosine, sum, to, product, cosine"
sum_to_product_sine,sum_to_product_sine,math_engine.trigonometry,trigonometry,trigonometry_utilities,"(angle_a, angle_b)",2,"angle_a, angle_b",,"angle, angle",False,,Convert sin(A) + sin(B) to product form.,"sum_to_product_sine, sum to product sine, sum, to, product, sine"
tangent,tangent,math_engine.trigonometry,trigonometry,trigonometry_utilities,"(angle, unit='radians')",2,angle,unit,"angle, unknown",False,,Calculate tangent.,tangent
tangent_difference,tangent_difference,math_engine.trigonometry,trigonometry,trigonometry_utilities,"(angle_a, angle_b)",2,"angle_a, angle_b",,"angle, angle",False,,tan(A - B),"tangent_difference, tangent difference, tangent, difference"
tangent_double_angle,tangent_double_angle,math_engine.trigonometry,trigonometry,angle_fundamentals,(angle),1,angle,,angle,False,,tan(2theta),"tangent_double_angle, tangent double angle, tangent, double, angle"
tangent_graph_properties,tangent_graph_properties,math_engine.trigonometry,trigonometry,trigonometry_utilities,"(A, B, C=0, D=0)",4,"A, B","C, D","bound_or_value, bound_or_value, unknown, unknown",False,,Analyze:,"tangent_graph_properties, tangent graph properties, tangent, graph, properties"
tangent_sum,tangent_sum,math_engine.trigonometry,trigonometry,trigonometry_utilities,"(angle_a, angle_b)",2,"angle_a, angle_b",,"angle, angle",False,,tan(A + B),"tangent_sum, tangent sum, tangent, sum"
triangle_area_sas,triangle_area_sas,math_engine.trigonometry,trigonometry,angle_fundamentals,"(side_a, side_b, included_angle, unit='degrees')",4,"side_a, side_b, included_angle",unit,"unknown, unknown, angle, unknown",False,,Calculate triangle area:,"triangle_area_sas, triangle area sas, triangle, area, sas"
trig_expression_value,trig_expression_value,math_engine.trigonometry,trigonometry,trigonometry_utilities,"(expression, substitutions=None, decimal=False)",3,expression,"substitutions, decimal","expression, unknown, unknown",False,,Evaluate an arbitrary trig expression.,"trig_expression_value, trig expression value, trig, expression, value"
trig_frequency,trig_frequency,math_engine.trigonometry,trigonometry,trigonometric_graphs,(B),1,B,,bound_or_value,False,,Return angular frequency coefficient |B|.,"trig_frequency, trig frequency, trig, frequency"
trig_signs_by_quadrant,trig_signs_by_quadrant,math_engine.trigonometry,trigonometry,trigonometry_utilities,(quadrant),1,quadrant,,unknown,False,,"Return signs of sine, cosine,","trig_signs_by_quadrant, trig signs by quadrant, trig, signs, by, quadrant"
unit_circle_coordinates,unit_circle_coordinates,math_engine.trigonometry,trigonometry,unit_circle,"(angle, unit='radians')",2,angle,unit,"angle, unknown",False,,Return the point on the unit circle:,"unit_circle_coordinates, unit circle coordinates, unit, circle, coordinates"
unit_circle_values,unit_circle_values,math_engine.trigonometry,trigonometry,unit_circle,"(angle, unit='radians')",2,angle,unit,"angle, unknown",False,,Return exact trig values for an angle.,"unit_circle_values, unit circle values, unit, circle, values"
vector_components,vector_components,math_engine.trigonometry,trigonometry,vector_trigonometry,"(magnitude, angle, angle_unit='degrees')",3,"magnitude, angle",angle_unit,"unknown, angle, angle",False,,Resolve a vector into x and y components.,"vector_components, vector components, vector, components"
vector_direction,vector_direction,math_engine.trigonometry,trigonometry,vector_trigonometry,"(x_component, y_component, output_unit='degrees')",3,"x_component, y_component",output_unit,"unknown, unknown, unknown",False,,Calculate vector direction using atan2.,"vector_direction, vector direction, vector, direction"
vector_from_bearing,vector_from_bearing,math_engine.trigonometry,trigonometry,vector_trigonometry,"(magnitude, bearing)",2,"magnitude, bearing",,"unknown, angle",False,,Resolve a magnitude and compass bearing,"vector_from_bearing, vector from bearing, vector, from, bearing"
vector_from_components,vector_from_components,math_engine.trigonometry,trigonometry,vector_trigonometry,"(x_component, y_component)",2,"x_component, y_component",,"unknown, unknown",False,,Return magnitude and direction,"vector_from_components, vector from components, vector, from, components"
vector_magnitude,vector_magnitude,math_engine.trigonometry,trigonometry,vector_trigonometry,"(x_component, y_component)",2,"x_component, y_component",,"unknown, unknown",False,,Calculate vector magnitude.,"vector_magnitude, vector magnitude, vector, magnitude"
verify_trig_identity,verify_trig_identity,math_engine.trigonometry,trigonometry,trigonometric_identities,"(left_side, right_side)",2,"left_side, right_side",,"expression, expression",False,,Determine whether two trig expressions,"verify_trig_identity, verify trig identity, verify, trig, identity"
absolute_extrema,absolute_extrema,math_engine.calculus,calculus,derivative_applications,"(expression, start, end, variable='x')",4,"expression, start, end",variable,"expression, bound_or_value, bound_or_value, variable",False,,Perform the math operation: absolute extrema.,"absolute_extrema, absolute extrema, absolute, extrema"
acceleration_vector,acceleration_vector,math_engine.calculus,calculus,vector_calculus,"(position_components, parameter='t')",2,position_components,parameter,"unknown, variable",False,,Perform the math operation: acceleration vector.,"acceleration_vector, acceleration vector, acceleration, vector"
antiderivative,antiderivative,math_engine.calculus,calculus,derivatives,"(expression, variable='x')",2,expression,variable,"expression, variable",False,,Perform the math operation: antiderivative.,antiderivative
calculus_arc_length,arc_length,math_engine.calculus,calculus,arc_length_surface_area,"(expression, lower, upper, variable='x')",4,"expression, lower, upper",variable,"expression, bound_or_value, bound_or_value, variable",False,,Perform the math operation: arc length.,"arc_length, arc length, arc, length"
area_between_curves,area_between_curves,math_engine.calculus,calculus,area_applications,"(upper_function, lower_function, lower, upper, variable='x')",5,"upper_function, lower_function, lower, upper",variable,"unknown, unknown, bound_or_value, bound_or_value, variable",False,,Perform the math operation: area between curves.,"area_between_curves, area between curves, area, between, curves"
area_under_curve,area_under_curve,math_engine.calculus,calculus,area_applications,"(expression, lower, upper, variable='x')",4,"expression, lower, upper",variable,"expression, bound_or_value, bound_or_value, variable",False,,Perform the math operation: area under curve.,"area_under_curve, area under curve, area, under, curve"
average_function_value,average_function_value,math_engine.calculus,calculus,integration,"(expression, lower, upper, variable='x')",4,"expression, lower, upper",variable,"expression, bound_or_value, bound_or_value, variable",False,,Perform the math operation: average function value.,"average_function_value, average function value, average, function, value"
chain_rule,chain_rule,math_engine.calculus,calculus,calculus_utilities,"(outer_expression, inner_expression, outer_variable='u', variable='x')",4,"outer_expression, inner_expression","outer_variable, variable","unknown, unknown, unknown, variable",False,,Perform the math operation: chain rule.,"chain_rule, chain rule, chain, rule"
check_antiderivative,check_antiderivative,math_engine.calculus,calculus,derivatives,"(integrand, candidate, variable='x')",3,"integrand, candidate",variable,"expression, unknown, variable",False,,Perform the math operation: check antiderivative.,"check_antiderivative, check antiderivative, check, antiderivative"
check_derivative,check_derivative,math_engine.calculus,calculus,derivatives,"(original, candidate_derivative, variable='x')",3,"original, candidate_derivative",variable,"unknown, unknown, variable",False,,Perform the math operation: check derivative.,"check_derivative, check derivative, check, derivative"
critical_points,critical_points,math_engine.calculus,calculus,derivative_applications,"(expression, variable='x')",2,expression,variable,"expression, variable",False,,Perform the math operation: critical points.,"critical_points, critical points, critical, points"
curve_intersections,curve_intersections,math_engine.calculus,calculus,area_applications,"(first, second, variable='x')",3,"first, second",variable,"unknown, unknown, variable",False,,Perform the math operation: curve intersections.,"curve_intersections, curve intersections, curve, intersections"
cylindrical_jacobian,cylindrical_jacobian,math_engine.calculus,calculus,coordinate_integration,(radius),1,radius,,numeric_value,False,,Perform the math operation: cylindrical jacobian.,"cylindrical_jacobian, cylindrical jacobian, cylindrical, jacobian"
decimal_calculus_value,decimal_calculus_value,math_engine.calculus,calculus,calculus_utilities,"(expression, digits=10)",2,expression,digits,"expression, unknown",True,Known utility/helper operation.,Perform the math operation: decimal calculus value.,"decimal_calculus_value, decimal calculus value, decimal, calculus, value"
definite_integral,definite_integral,math_engine.calculus,calculus,integration,"(expression, lower, upper, variable='x')",4,"expression, lower, upper",variable,"expression, bound_or_value, bound_or_value, variable",False,,Perform the math operation: definite integral.,"definite_integral, definite integral, definite, integral"
derivative,derivative,math_engine.calculus,calculus,derivatives,"(expression, variable='x', order=1)",3,expression,"variable, order","expression, variable, integer_or_value",False,,Perform the math operation: derivative.,derivative
calculus_detect_variables,detect_variables,math_engine.calculus,calculus,calculus_utilities,(expression),1,expression,,expression,False,,Perform the math operation: detect variables.,"detect_variables, detect variables, detect, variables"
differential,differential,math_engine.calculus,calculus,derivatives,"(expression, variable='x')",2,expression,variable,"expression, variable",False,,Perform the math operation: differential.,differential
differential_approximation,differential_approximation,math_engine.calculus,calculus,derivatives,"(expression, point, delta_x, variable='x')",4,"expression, point, delta_x",variable,"expression, point, unknown, variable",False,,Perform the math operation: differential approximation.,"differential_approximation, differential approximation, differential, approximation"
differentiate_power_series,differentiate_power_series,math_engine.calculus,calculus,derivatives,"(expression, variable='x')",2,expression,variable,"expression, variable",False,,Perform the math operation: differentiate power series.,"differentiate_power_series, differentiate power series, differentiate, power, series"
directional_derivative,directional_derivative,math_engine.calculus,calculus,derivatives,"(expression, direction, variables=('x', 'y'))",3,"expression, direction",variables,"expression, vector, variable",False,,Perform the math operation: directional derivative.,"directional_derivative, directional derivative, directional, derivative"
discontinuity_type,discontinuity_type,math_engine.calculus,calculus,continuity,"(expression, point, variable='x')",3,"expression, point",variable,"expression, point, variable",False,,Perform the math operation: discontinuity type.,"discontinuity_type, discontinuity type, discontinuity, type"
disk_volume,disk_volume,math_engine.calculus,calculus,volume_applications,"(radius_function, lower, upper, variable='x')",4,"radius_function, lower, upper",variable,"unknown, bound_or_value, bound_or_value, variable",False,,Perform the math operation: disk volume.,"disk_volume, disk volume, disk, volume"
double_integral,double_integral,math_engine.calculus,calculus,multiple_integrals,"(expression, x_bounds, y_bounds)",3,"expression, x_bounds, y_bounds",,"expression, unknown, unknown",False,,Perform the math operation: double integral.,"double_integral, double integral, double, integral"
evaluate_limit,evaluate_limit,math_engine.calculus,calculus,limits,"(expression, variable='x', point=0, direction='+-')",4,expression,"variable, point, direction","expression, variable, point, vector",False,,Perform the math operation: evaluate limit.,"evaluate_limit, evaluate limit, evaluate, limit"
evaluate_multivariable,evaluate_multivariable,math_engine.calculus,calculus,multivariable_functions,"(expression, substitutions)",2,"expression, substitutions",,"expression, unknown",False,,Perform the math operation: evaluate multivariable.,"evaluate_multivariable, evaluate multivariable, evaluate, multivariable"
evaluate_piecewise_calculus,evaluate_piecewise_calculus,math_engine.calculus,calculus,calculus_utilities,"(expression, value, variable='x')",3,"expression, value",variable,"expression, numeric_value, variable",False,,Perform the math operation: evaluate piecewise calculus.,"evaluate_piecewise_calculus, evaluate piecewise calculus, evaluate, piecewise, calculus"
exact_calculus_value,exact_calculus_value,math_engine.calculus,calculus,calculus_utilities,(expression),1,expression,,expression,True,Known utility/helper operation.,Perform the math operation: exact calculus value.,"exact_calculus_value, exact calculus value, exact, calculus, value"
exponential_derivative,exponential_derivative,math_engine.calculus,calculus,derivatives,"(expression, variable='x')",2,expression,variable,"expression, variable",False,,Perform the math operation: exponential derivative.,"exponential_derivative, exponential derivative, exponential, derivative"
first_derivative,first_derivative,math_engine.calculus,calculus,derivatives,"(expression, variable='x')",2,expression,variable,"expression, variable",False,,Perform the math operation: first derivative.,"first_derivative, first derivative, first, derivative"
fundamental_line_integral,fundamental_line_integral,math_engine.calculus,calculus,integration,"(potential_function, start_point, end_point, variables=('x', 'y', 'z'))",4,"potential_function, start_point, end_point",variables,"unknown, point, point, variable",False,,Perform the math operation: fundamental line integral.,"fundamental_line_integral, fundamental line integral, fundamental, line, integral"
geometric_series_sum,geometric_series_sum,math_engine.calculus,calculus,infinite_series,"(first_term, ratio)",2,"first_term, ratio",,"unknown, numeric_value",False,,Perform the math operation: geometric series sum.,"geometric_series_sum, geometric series sum, geometric, series, sum"
gradient_vector,gradient_vector,math_engine.calculus,calculus,gradient_directional_derivatives,"(expression, variables=('x', 'y'))",2,expression,variables,"expression, variable",False,,Perform the math operation: gradient vector.,"gradient_vector, gradient vector, gradient, vector"
hessian_matrix,hessian_matrix,math_engine.calculus,calculus,multivariable_optimization,"(expression, variables=('x', 'y'))",2,expression,variables,"expression, variable",False,,Perform the math operation: hessian matrix.,"hessian_matrix, hessian matrix, hessian, matrix"
hyperbolic_derivative,hyperbolic_derivative,math_engine.calculus,calculus,derivatives,"(expression, variable='x')",2,expression,variable,"expression, variable",False,,Perform the math operation: hyperbolic derivative.,"hyperbolic_derivative, hyperbolic derivative, hyperbolic, derivative"
implicit_derivative,implicit_derivative,math_engine.calculus,calculus,derivatives,"(equation, dependent='y', independent='x')",3,equation,"dependent, independent","expression, unknown, unknown",False,,Perform the math operation: implicit derivative.,"implicit_derivative, implicit derivative, implicit, derivative"
improper_integral,improper_integral,math_engine.calculus,calculus,improper_integrals,"(expression, lower, upper, variable='x')",4,"expression, lower, upper",variable,"expression, bound_or_value, bound_or_value, variable",False,,Perform the math operation: improper integral.,"improper_integral, improper integral, improper, integral"
improper_integral_converges,improper_integral_converges,math_engine.calculus,calculus,improper_integrals,"(expression, lower, upper, variable='x')",4,"expression, lower, upper",variable,"expression, bound_or_value, bound_or_value, variable",False,,Perform the math operation: improper integral converges.,"improper_integral_converges, improper integral converges, improper, integral, converges"
indefinite_integral,indefinite_integral,math_engine.calculus,calculus,antiderivatives,"(expression, variable='x')",2,expression,variable,"expression, variable",False,,Perform the math operation: indefinite integral.,"indefinite_integral, indefinite integral, indefinite, integral"
infinite_series_sum,infinite_series_sum,math_engine.calculus,calculus,infinite_series,"(expression, start=1, index='n')",3,expression,"start, index","expression, bound_or_value, unknown",False,,Perform the math operation: infinite series sum.,"infinite_series_sum, infinite series sum, infinite, series, sum"
inflection_candidates,inflection_candidates,math_engine.calculus,calculus,derivative_applications,"(expression, variable='x')",2,expression,variable,"expression, variable",False,,Perform the math operation: inflection candidates.,"inflection_candidates, inflection candidates, inflection, candidates"
integrate_power_series,integrate_power_series,math_engine.calculus,calculus,power_taylor_series,"(expression, variable='x')",2,expression,variable,"expression, variable",False,,Perform the math operation: integrate power series.,"integrate_power_series, integrate power series, integrate, power, series"
integration_by_parts,integration_by_parts,math_engine.calculus,calculus,calculus_utilities,"(u, dv, variable='x')",3,"u, dv",variable,"unknown, unknown, variable",False,,Perform the math operation: integration by parts.,"integration_by_parts, integration by parts, integration, by, parts"
is_conservative_field,is_conservative_field,math_engine.calculus,calculus,vector_calculus_theorems,"(components, variables=('x', 'y', 'z'))",2,components,variables,"unknown, variable",False,,Perform the math operation: is conservative field.,"is_conservative_field, is conservative field, is, conservative, field"
is_continuous_at,is_continuous_at,math_engine.calculus,calculus,continuity,"(expression, point, variable='x')",3,"expression, point",variable,"expression, point, variable",False,,Perform the math operation: is continuous at.,"is_continuous_at, is continuous at, is, continuous, at"
lagrange_multipliers,lagrange_multipliers,math_engine.calculus,calculus,multivariable_optimization,"(objective, constraint, variables=('x', 'y'))",3,"objective, constraint",variables,"unknown, unknown, variable",False,,Perform the math operation: lagrange multipliers.,"lagrange_multipliers, lagrange multipliers, lagrange, multipliers"
left_hand_limit,left_hand_limit,math_engine.calculus,calculus,limits,"(expression, variable='x', point=0)",3,expression,"variable, point","expression, variable, point",False,,Perform the math operation: left hand limit.,"left_hand_limit, left hand limit, left, hand, limit"
left_riemann_sum,left_riemann_sum,math_engine.calculus,calculus,numerical_integration,"(expression, lower, upper, rectangles, variable='x')",5,"expression, lower, upper, rectangles",variable,"expression, bound_or_value, bound_or_value, angle, variable",False,,Perform the math operation: left riemann sum.,"left_riemann_sum, left riemann sum, left, riemann, sum"
level_curve,level_curve,math_engine.calculus,calculus,multivariable_functions,"(expression, level, variables=('x', 'y'))",3,"expression, level",variables,"expression, unknown, variable",False,,Perform the math operation: level curve.,"level_curve, level curve, level, curve"
limit_at_infinity,limit_at_infinity,math_engine.calculus,calculus,limits,"(expression, variable='x', direction='positive')",3,expression,"variable, direction","expression, variable, vector",False,,Perform the math operation: limit at infinity.,"limit_at_infinity, limit at infinity, limit, at, infinity"
limit_exists,limit_exists,math_engine.calculus,calculus,limits,"(expression, variable='x', point=0)",3,expression,"variable, point","expression, variable, point",False,,Perform the math operation: limit exists.,"limit_exists, limit exists, limit, exists"
linearization,linearization,math_engine.calculus,calculus,linearization_differentials,"(expression, point, variable='x')",3,"expression, point",variable,"expression, point, variable",False,,Perform the math operation: linearization.,linearization
logarithmic_derivative,logarithmic_derivative,math_engine.calculus,calculus,derivatives,"(expression, variable='x')",2,expression,variable,"expression, variable",False,,Perform the math operation: logarithmic derivative.,"logarithmic_derivative, logarithmic derivative, logarithmic, derivative"
maclaurin_series,maclaurin_series,math_engine.calculus,calculus,power_taylor_series,"(expression, order, variable='x')",3,"expression, order",variable,"expression, integer_or_value, variable",False,,Perform the math operation: maclaurin series.,"maclaurin_series, maclaurin series, maclaurin, series"
midpoint_rule,midpoint_rule,math_engine.calculus,calculus,calculus_utilities,"(expression, lower, upper, rectangles, variable='x')",5,"expression, lower, upper, rectangles",variable,"expression, bound_or_value, bound_or_value, angle, variable",False,,Perform the math operation: midpoint rule.,"midpoint_rule, midpoint rule, midpoint, rule"
mixed_partial_derivative,mixed_partial_derivative,math_engine.calculus,calculus,derivatives,"(expression, variables)",2,"expression, variables",,"expression, variable",False,,Perform the math operation: mixed partial derivative.,"mixed_partial_derivative, mixed partial derivative, mixed, partial, derivative"
multivariable_critical_points,multivariable_critical_points,math_engine.calculus,calculus,derivative_applications,"(expression, variables=('x', 'y'))",2,expression,variables,"expression, variable",False,,Perform the math operation: multivariable critical points.,"multivariable_critical_points, multivariable critical points, multivariable, critical, points"
normal_line,normal_line,math_engine.calculus,calculus,derivatives,"(expression, point, variable='x')",3,"expression, point",variable,"expression, point, variable",False,,Perform the math operation: normal line.,"normal_line, normal line, normal, line"
nth_derivative,nth_derivative,math_engine.calculus,calculus,derivatives,"(expression, order, variable='x')",3,"expression, order",variable,"expression, integer_or_value, variable",False,,Perform the math operation: nth derivative.,"nth_derivative, nth derivative, nth, derivative"
nth_term_test,nth_term_test,math_engine.calculus,calculus,infinite_series,"(expression, index='n')",2,expression,index,"expression, unknown",False,,Perform the math operation: nth term test.,"nth_term_test, nth term test, nth, term, test"
numerical_limit,numerical_limit,math_engine.calculus,calculus,limits,"(expression, variable='x', point=0, digits=10)",4,expression,"variable, point, digits","expression, variable, point, unknown",False,,Perform the math operation: numerical limit.,"numerical_limit, numerical limit, numerical, limit"
optimization_candidates,optimization_candidates,math_engine.calculus,calculus,derivative_applications,"(expression, variable='x', interval=None)",3,expression,"variable, interval","expression, variable, unknown",False,,Perform the math operation: optimization candidates.,"optimization_candidates, optimization candidates, optimization, candidates"
parametric_arc_length,parametric_arc_length,math_engine.calculus,calculus,arc_length_surface_area,"(x_expression, y_expression, lower, upper, parameter='t')",5,"x_expression, y_expression, lower, upper",parameter,"unknown, unknown, bound_or_value, bound_or_value, variable",False,,Perform the math operation: parametric arc length.,"parametric_arc_length, parametric arc length, parametric, arc, length"
parametric_area,parametric_area,math_engine.calculus,calculus,parametric_calculus,"(x_expression, y_expression, lower, upper, parameter='t')",5,"x_expression, y_expression, lower, upper",parameter,"unknown, unknown, bound_or_value, bound_or_value, variable",False,,Perform the math operation: parametric area.,"parametric_area, parametric area, parametric, area"
parametric_derivative,parametric_derivative,math_engine.calculus,calculus,derivatives,"(x_expression, y_expression, parameter='t')",3,"x_expression, y_expression",parameter,"unknown, unknown, variable",False,,Perform the math operation: parametric derivative.,"parametric_derivative, parametric derivative, parametric, derivative"
parametric_second_derivative,parametric_second_derivative,math_engine.calculus,calculus,derivatives,"(x_expression, y_expression, parameter='t')",3,"x_expression, y_expression",parameter,"unknown, unknown, variable",False,,Perform the math operation: parametric second derivative.,"parametric_second_derivative, parametric second derivative, parametric, second, derivative"
parametric_tangent_slope,parametric_tangent_slope,math_engine.calculus,calculus,parametric_calculus,"(x_expression, y_expression, parameter_value, parameter='t')",4,"x_expression, y_expression, parameter_value",parameter,"unknown, unknown, unknown, variable",False,,Perform the math operation: parametric tangent slope.,"parametric_tangent_slope, parametric tangent slope, parametric, tangent, slope"
calculus_parse_expression,parse_expression,math_engine.calculus,calculus,calculus_utilities,"(expression, variables=None)",2,expression,variables,"expression, variable",False,,Convert input into a SymPy expression.,"parse_expression, parse expression, parse, expression"
calculus_parse_variable,parse_variable,math_engine.calculus,calculus,calculus_utilities,(variable='x'),1,,variable,variable,False,,Create a real SymPy variable.,"parse_variable, parse variable, parse, variable"
partial_derivative,partial_derivative,math_engine.calculus,calculus,derivatives,"(expression, variable, order=1)",3,"expression, variable",order,"expression, variable, integer_or_value",False,,Perform the math operation: partial derivative.,"partial_derivative, partial derivative, partial, derivative"
partial_sum,partial_sum,math_engine.calculus,calculus,infinite_series,"(expression, start, end, index='n')",4,"expression, start, end",index,"expression, bound_or_value, bound_or_value, unknown",False,,Perform the math operation: partial sum.,"partial_sum, partial sum, partial, sum"
percentage_error,percentage_error,math_engine.calculus,calculus,linearization_differentials,"(exact_value, approximate_value)",2,"exact_value, approximate_value",,"unknown, unknown",False,,Perform the math operation: percentage error.,"percentage_error, percentage error, percentage, error"
polar_arc_length,polar_arc_length,math_engine.calculus,calculus,arc_length_surface_area,"(radius_expression, lower_angle, upper_angle, variable='theta')",4,"radius_expression, lower_angle, upper_angle",variable,"unknown, angle, angle, variable",False,,Perform the math operation: polar arc length.,"polar_arc_length, polar arc length, polar, arc, length"
polar_area,polar_area,math_engine.calculus,calculus,polar_calculus,"(radius_expression, lower_angle, upper_angle, variable='theta')",4,"radius_expression, lower_angle, upper_angle",variable,"unknown, angle, angle, variable",False,,Perform the math operation: polar area.,"polar_area, polar area, polar, area"
polar_double_integral,polar_double_integral,math_engine.calculus,calculus,multiple_integrals,"(expression, r_bounds, theta_bounds)",3,"expression, r_bounds, theta_bounds",,"expression, unknown, unknown",False,,Perform the math operation: polar double integral.,"polar_double_integral, polar double integral, polar, double, integral"
polar_slope,polar_slope,math_engine.calculus,calculus,polar_calculus,"(radius_expression, variable='theta')",2,radius_expression,variable,"unknown, variable",False,,Perform the math operation: polar slope.,"polar_slope, polar slope, polar, slope"
power_series_expansion,power_series_expansion,math_engine.calculus,calculus,power_taylor_series,"(expression, variable='x', center=0, order=6)",4,expression,"variable, center, order","expression, variable, point, integer_or_value",False,,Perform the math operation: power series expansion.,"power_series_expansion, power series expansion, power, series, expansion"
product_rule,product_rule,math_engine.calculus,calculus,calculus_utilities,"(first, second, variable='x')",3,"first, second",variable,"unknown, unknown, variable",False,,Perform the math operation: product rule.,"product_rule, product rule, product, rule"
quotient_rule,quotient_rule,math_engine.calculus,calculus,calculus_utilities,"(numerator, denominator, variable='x')",3,"numerator, denominator",variable,"expression, expression, variable",False,,Perform the math operation: quotient rule.,"quotient_rule, quotient rule, quotient, rule"
rational_integral,rational_integral,math_engine.calculus,calculus,integration,"(expression, variable='x')",2,expression,variable,"expression, variable",False,,Perform the math operation: rational integral.,"rational_integral, rational integral, rational, integral"
related_rate,related_rate,math_engine.calculus,calculus,related_rates,"(equation, solve_for_rate, substitutions)",3,"equation, solve_for_rate, substitutions",,"expression, unknown, unknown",False,,Solve a differentiated relation.,"related_rate, related rate, related, rate"
relative_error,relative_error,math_engine.calculus,calculus,linearization_differentials,"(exact_value, approximate_value)",2,"exact_value, approximate_value",,"unknown, unknown",False,,Perform the math operation: relative error.,"relative_error, relative error, relative, error"
right_hand_limit,right_hand_limit,math_engine.calculus,calculus,limits,"(expression, variable='x', point=0)",3,expression,"variable, point","expression, variable, point",False,,Perform the math operation: right hand limit.,"right_hand_limit, right hand limit, right, hand, limit"
right_riemann_sum,right_riemann_sum,math_engine.calculus,calculus,numerical_integration,"(expression, lower, upper, rectangles, variable='x')",5,"expression, lower, upper, rectangles",variable,"expression, bound_or_value, bound_or_value, angle, variable",False,,Perform the math operation: right riemann sum.,"right_riemann_sum, right riemann sum, right, riemann, sum"
scalar_line_integral,scalar_line_integral,math_engine.calculus,calculus,integration,"(scalar_field, path_components, lower, upper, parameter='t')",5,"scalar_field, path_components, lower, upper",parameter,"unknown, unknown, bound_or_value, bound_or_value, variable",False,,Perform the math operation: scalar line integral.,"scalar_line_integral, scalar line integral, scalar, line, integral"
second_derivative,second_derivative,math_engine.calculus,calculus,derivatives,"(expression, variable='x')",2,expression,variable,"expression, variable",False,,Perform the math operation: second derivative.,"second_derivative, second derivative, second, derivative"
second_derivative_test,second_derivative_test,math_engine.calculus,calculus,derivatives,"(expression, point, variable='x')",3,"expression, point",variable,"expression, point, variable",False,,Perform the math operation: second derivative test.,"second_derivative_test, second derivative test, second, derivative, test"
sequence_converges,sequence_converges,math_engine.calculus,calculus,sequences,"(expression, index='n')",2,expression,index,"expression, unknown",False,,Perform the math operation: sequence converges.,"sequence_converges, sequence converges, sequence, converges"
sequence_limit,sequence_limit,math_engine.calculus,calculus,limits,"(expression, index='n')",2,expression,index,"expression, unknown",False,,Perform the math operation: sequence limit.,"sequence_limit, sequence limit, sequence, limit"
sequence_term,sequence_term,math_engine.calculus,calculus,sequences,"(expression, index_value, index='n')",3,"expression, index_value",index,"expression, unknown, unknown",False,,Perform the math operation: sequence term.,"sequence_term, sequence term, sequence, term"
shell_volume,shell_volume,math_engine.calculus,calculus,volume_applications,"(radius, height, lower, upper, variable='x')",5,"radius, height, lower, upper",variable,"numeric_value, numeric_value, bound_or_value, bound_or_value, variable",False,,Perform the math operation: shell volume.,"shell_volume, shell volume, shell, volume"
signed_area,signed_area,math_engine.calculus,calculus,integration,"(expression, lower, upper, variable='x')",4,"expression, lower, upper",variable,"expression, bound_or_value, bound_or_value, variable",False,,Perform the math operation: signed area.,"signed_area, signed area, signed, area"
simplify_calculus_result,simplify_calculus_result,math_engine.calculus,calculus,calculus_utilities,(expression),1,expression,,expression,True,Known utility/helper operation.,Perform the math operation: simplify calculus result.,"simplify_calculus_result, simplify calculus result, simplify, calculus, result"
simpsons_rule,simpsons_rule,math_engine.calculus,calculus,numerical_integration,"(expression, lower, upper, intervals, variable='x')",5,"expression, lower, upper, intervals",variable,"expression, bound_or_value, bound_or_value, unknown, variable",False,,Perform the math operation: simpsons rule.,"simpsons_rule, simpsons rule, simpsons, rule"
spherical_jacobian,spherical_jacobian,math_engine.calculus,calculus,coordinate_integration,"(radius, phi)",2,"radius, phi",,"numeric_value, angle",False,,Perform the math operation: spherical jacobian.,"spherical_jacobian, spherical jacobian, spherical, jacobian"
substitution_integral,substitution_integral,math_engine.calculus,calculus,integration,"(expression, variable='x')",2,expression,variable,"expression, variable",False,,Perform the math operation: substitution integral.,"substitution_integral, substitution integral, substitution, integral"
surface_area_x_axis,surface_area_x_axis,math_engine.calculus,calculus,arc_length_surface_area,"(expression, lower, upper, variable='x')",4,"expression, lower, upper",variable,"expression, bound_or_value, bound_or_value, variable",False,,Perform the math operation: surface area x axis.,"surface_area_x_axis, surface area x axis, surface, area, x, axis"
tangent_line,tangent_line,math_engine.calculus,calculus,derivatives,"(expression, point, variable='x')",3,"expression, point",variable,"expression, point, variable",False,,Perform the math operation: tangent line.,"tangent_line, tangent line, tangent, line"
tangent_plane,tangent_plane,math_engine.calculus,calculus,gradient_directional_derivatives,"(expression, point, variables=('x', 'y'))",3,"expression, point",variables,"expression, point, variable",False,,Perform the math operation: tangent plane.,"tangent_plane, tangent plane, tangent, plane"
taylor_polynomial,taylor_polynomial,math_engine.calculus,calculus,power_taylor_series,"(expression, center, degree, variable='x')",4,"expression, center, degree",variable,"expression, point, integer_or_value, variable",False,,Perform the math operation: taylor polynomial.,"taylor_polynomial, taylor polynomial, taylor, polynomial"
taylor_series,taylor_series,math_engine.calculus,calculus,power_taylor_series,"(expression, center, order, variable='x')",4,"expression, center, order",variable,"expression, point, integer_or_value, variable",False,,Perform the math operation: taylor series.,"taylor_series, taylor series, taylor, series"
trapezoidal_rule,trapezoidal_rule,math_engine.calculus,calculus,numerical_integration,"(expression, lower, upper, intervals, variable='x')",5,"expression, lower, upper, intervals",variable,"expression, bound_or_value, bound_or_value, unknown, variable",False,,Perform the math operation: trapezoidal rule.,"trapezoidal_rule, trapezoidal rule, trapezoidal, rule"
trig_derivative,trig_derivative,math_engine.calculus,calculus,derivatives,"(expression, variable='x')",2,expression,variable,"expression, variable",False,,Perform the math operation: trig derivative.,"trig_derivative, trig derivative, trig, derivative"
trig_integral,trig_integral,math_engine.calculus,calculus,integration,"(expression, variable='x')",2,expression,variable,"expression, variable",False,,Perform the math operation: trig integral.,"trig_integral, trig integral, trig, integral"
triple_integral,triple_integral,math_engine.calculus,calculus,multiple_integrals,"(expression, x_bounds, y_bounds, z_bounds)",4,"expression, x_bounds, y_bounds, z_bounds",,"expression, unknown, unknown, unknown",False,,Perform the math operation: triple integral.,"triple_integral, triple integral, triple, integral"
vector_curl,vector_curl,math_engine.calculus,calculus,vector_calculus,"(components, variables=('x', 'y', 'z'))",2,components,variables,"unknown, variable",False,,Perform the math operation: vector curl.,"vector_curl, vector curl, vector, curl"
vector_divergence,vector_divergence,math_engine.calculus,calculus,vector_calculus,"(components, variables=('x', 'y', 'z'))",2,components,variables,"unknown, variable",False,,Perform the math operation: vector divergence.,"vector_divergence, vector divergence, vector, divergence"
vector_function_derivative,vector_function_derivative,math_engine.calculus,calculus,derivatives,"(components, parameter='t')",2,components,parameter,"unknown, variable",False,,Perform the math operation: vector function derivative.,"vector_function_derivative, vector function derivative, vector, function, derivative"
vector_function_integral,vector_function_integral,math_engine.calculus,calculus,integration,"(components, parameter='t')",2,components,parameter,"unknown, variable",False,,Perform the math operation: vector function integral.,"vector_function_integral, vector function integral, vector, function, integral"
vector_line_integral,vector_line_integral,math_engine.calculus,calculus,integration,"(field_components, path_components, lower, upper, parameter='t')",5,"field_components, path_components, lower, upper",parameter,"unknown, unknown, bound_or_value, bound_or_value, variable",False,,Perform the math operation: vector line integral.,"vector_line_integral, vector line integral, vector, line, integral"
velocity_vector,velocity_vector,math_engine.calculus,calculus,vector_calculus,"(position_components, parameter='t')",2,position_components,parameter,"unknown, variable",False,,Perform the math operation: velocity vector.,"velocity_vector, velocity vector, velocity, vector"
washer_volume,washer_volume,math_engine.calculus,calculus,volume_applications,"(outer_radius, inner_radius, lower, upper, variable='x')",5,"outer_radius, inner_radius, lower, upper",variable,"unknown, unknown, bound_or_value, bound_or_value, variable",False,,Perform the math operation: washer volume.,"washer_volume, washer volume, washer, volume"
